Year	Competition	Gender	Phase	Gate	BIB	Ramp Position	Action	Order	Final Position	Upstream Tactic	Fault
2024	OLY	W	R1	Ramp	R	1	Assigned		1		
2024	OLY	W	R1	Ramp	G	2	Assigned		2		
2024	OLY	W	R1	Ramp	B	3	Assigned		3		
2024	OLY	W	R1	Gate 1	R	1	Down-Left	1	1		
2024	OLY	W	R1	Gate 1	G	2	Down-Left	2	2		
2024	OLY	W	R1	Gate 1	B	3	Down-Left	3	3		
2024	OLY	W	R1	Course	R	1	Roll	1	1		
2024	OLY	W	R1	Course	G	2	Roll	2	2		
2024	OLY	W	R1	Course	B	3	Roll	3	3		
2024	OLY	W	R1	Gate 2	R	1	Right-Up	1	1	Right-Up	
2024	OLY	W	R1	Gate 2	G	2	Right-Up	2	2	FOLLOW	
2024	OLY	W	R1	Gate 2	B	3	Left-Up	3	3	SPLIT	
2024	OLY	W	R1	Gate 3	R	1	Down-Right	1	1		
2024	OLY	W	R1	Gate 3	B	3	Down-Right	2	3		
2024	OLY	W	R1	Gate 3	G	2	Down-Right	3	2		
2024	OLY	W	R1	Gate 4	R	1	Down-Left	1	1		
2024	OLY	W	R1	Gate 4	G	2	Down-Left	2	2		
2024	OLY	W	R1	Gate 4	B	3	Down-Left	3	3		
2024	OLY	W	R1	Gate 5	R	1	Down-Left	1	1		
2024	OLY	W	R1	Gate 5	G	2	Down-Left	2	2		
2024	OLY	W	R1	Gate 5	B	3	Down-Left	3	3		
2024	OLY	W	R1	Gate 6	R	1	Down-Right	1	1		
2024	OLY	W	R1	Gate 6	G	2	Down-Right	2	2		
2024	OLY	W	R1	Gate 6	B	3	Down-Right	3	3		
2024	OLY	W	R1	Gate 7	R	1	Down-Through	1	1		
2024	OLY	W	R1	Gate 7	G	2	Down-Through	2	2		
2024	OLY	W	R1	Gate 7	B	3	Down-Through	3	3		
2024	OLY	W	R1	Gate 8	R	1	Left-Up	1	1	Left-Up	
2024	OLY	W	R1	Gate 8	G	2	Left-Up	2	2	FOLLOW	
2024	OLY	W	R1	Gate 8	B	3	Left-Up	3	3	FOLLOW	
2024	OLY	W	R1	Finish	R	1	Finish	1	1		
2024	OLY	W	R1	Finish	G	2	Finish	2	2		
2024	OLY	W	R1	Finish	B	3	Finish	3	3		
2024	OLY	W	R2	Ramp	G	1	Assigned		1		
2024	OLY	W	R2	Ramp	R	2	Assigned		2		
2024	OLY	W	R2	Ramp	B	3	Assigned		3		
2024	OLY	W	R2	Gate 1	R	2	Down-Left	1	2		
2024	OLY	W	R2	Gate 1	G	1	Down-Left	2	1		
2024	OLY	W	R2	Gate 1	B	3	Down-Left	3	3		
2024	OLY	W	R2	Course	G	1	Roll	1	1		
2024	OLY	W	R2	Course	R	2	Roll	2	2		
2024	OLY	W	R2	Course	B	3	Roll	3	3		
2024	OLY	W	R2	Gate 2	G	1	Right-Up	1	1	Right-Up	
2024	OLY	W	R2	Gate 2	R	2	Left-Up	2	2	SPLIT	
2024	OLY	W	R2	Gate 2	B	3	Right-Up	3	3	SPLIT	
2024	OLY	W	R2	Gate 3	G	1	Down-Right	1	1		
2024	OLY	W	R2	Gate 3	R	2	Down-Right	2	2		
2024	OLY	W	R2	Gate 3	B	3	Down-Right	3	3		
2024	OLY	W	R2	Gate 4	G	1	Down-Left	1	1		
2024	OLY	W	R2	Gate 4	R	2	Down-Left	2	2		
2024	OLY	W	R2	Gate 4	B	3	Down-Left	3	3		
2024	OLY	W	R2	Gate 5	G	1	Down-Left	1	1		
2024	OLY	W	R2	Gate 5	R	2	Down-Left	2	2		
2024	OLY	W	R2	Gate 5	B	3	Down-Left	3	3		
2024	OLY	W	R2	Gate 6	G	1	Down-Right	1	1		
2024	OLY	W	R2	Gate 6	R	2	Down-Right	2	2		
2024	OLY	W	R2	Gate 6	B	3	Down-Right	3	3		
2024	OLY	W	R2	Gate 7	G	1	Down-Through	1	1		
2024	OLY	W	R2	Gate 7	R	2	Down-Through	2	2		
2024	OLY	W	R2	Gate 7	B	3	Down-Through	3	3		
2024	OLY	W	R2	Gate 8	G	1	Left-Up	1	1	Left-Up	
2024	OLY	W	R2	Gate 8	R	2	Right-Up	2	2	SPLIT	
2024	OLY	W	R2	Gate 8	B	3	Right-Up	3	3	FOLLOW	
2024	OLY	W	R2	Finish	G	1	Finish	1	1		
2024	OLY	W	R2	Finish	R	2	Finish	2	2		
2024	OLY	W	R2	Finish	B	3	Finish	3	3		
2024	OLY	W	R3	Ramp	R	1	Assigned		1		
2024	OLY	W	R3	Ramp	G	2	Assigned		3		
2024	OLY	W	R3	Ramp	B	3	Assigned		2		
2024	OLY	W	R3	Gate 1	R	1	Down-Left	1	1		
2024	OLY	W	R3	Gate 1	G	2	Down-Left	2	3		
2024	OLY	W	R3	Gate 1	B	3	Down-Left	3	2		
2024	OLY	W	R3	Course	R	1	Roll	1	1		
2024	OLY	W	R3	Course	G	2	Roll	2	3		
2024	OLY	W	R3	Course	B	3	Roll	3	2		
2024	OLY	W	R3	Gate 2	R	1	Left-Up	1	1	Left-Up	
2024	OLY	W	R3	Gate 2	B	3	Left-Up	2	2	FOLLOW	
2024	OLY	W	R3	Gate 2	G	2	Right-Up	3	3	SPLIT	
2024	OLY	W	R3	Gate 3	R	1	Down-Right	1	1		
2024	OLY	W	R3	Gate 3	B	3	Down-Right	2	2		
2024	OLY	W	R3	Gate 3	G	2	Down-Right	3	3		
2024	OLY	W	R3	Gate 4	R	1	Down-Left	1	1		
2024	OLY	W	R3	Gate 4	B	3	Down-Left	2	2		
2024	OLY	W	R3	Gate 4	G	2	Down-Left	3	3		
2024	OLY	W	R3	Gate 5	R	1	Down-Left	1	1		
2024	OLY	W	R3	Gate 5	B	3	Down-Left	2	2		
2024	OLY	W	R3	Gate 5	G	2	Down-Left	3	3		
2024	OLY	W	R3	Gate 6	R	1	Down-Right	1	1		
2024	OLY	W	R3	Gate 6	B	3	Down-Right	2	2		
2024	OLY	W	R3	Gate 6	G	2	Down-Right	3	3		
2024	OLY	W	R3	Gate 7	R	1	Down-Through	1	1		
2024	OLY	W	R3	Gate 7	B	3	Down-Through	2	2		
2024	OLY	W	R3	Gate 7	G	2	Down-Through	3	3		
2024	OLY	W	R3	Gate 8	R	1	Left-Up	1	1	Left-Up	
2024	OLY	W	R3	Gate 8	B	3	Left-Up	2	2	FOLLOW	
2024	OLY	W	R3	Gate 8	G	2	Right-Up	3	3	SPLIT	
2024	OLY	W	R3	Finish	R	1	Finish	1	1		
2024	OLY	W	R3	Finish	B	3	Finish	2	2		
2024	OLY	W	R3	Finish	G	2	Finish	3	3		
2024	OLY	W	R4	Ramp	R	2	Assigned		2		
2024	OLY	W	R4	Ramp	G	1	Assigned		1		
2024	OLY	W	R4	Ramp	B	3	Assigned		3		
2024	OLY	W	R4	Gate 1	R	2	Down-Left	1	2		
2024	OLY	W	R4	Gate 1	G	1	Down-Left	2	1		
2024	OLY	W	R4	Gate 1	B	3	Down-Left	3	3		
2024	OLY	W	R4	Course	R	2	Roll	1	2		
2024	OLY	W	R4	Course	B	3	Roll	2	3		
2024	OLY	W	R4	Course	G	1	Roll	3	1		
2024	OLY	W	R4	Gate 2	R	2	Right-Up	1	2	Right-Up	
2024	OLY	W	R4	Gate 2	G	1	Left-Up	2	1	SPLIT	
2024	OLY	W	R4	Gate 2	B	3	Right-Up	3	3	SPLIT	
2024	OLY	W	R4	Gate 3	G	1	Down-Right	1	1		
2024	OLY	W	R4	Gate 3	R	2	Down-Right	2	2		
2024	OLY	W	R4	Gate 3	B	3	Down-Right	3	3		
2024	OLY	W	R4	Gate 4	G	1	Down-Left	1	1		
2024	OLY	W	R4	Gate 4	R	2	Down-Left	2	2		
2024	OLY	W	R4	Gate 4	B	3	Down-Left	3	3		
2024	OLY	W	R4	Gate 5	G	1	Down-Left	1	1		
2024	OLY	W	R4	Gate 5	R	2	Down-Left	2	2		
2024	OLY	W	R4	Gate 5	B	3	Down-Left	3	3		
2024	OLY	W	R4	Gate 6	G	1	Down-Right	1	1		
2024	OLY	W	R4	Gate 6	R	2	Down-Right	2	2		
2024	OLY	W	R4	Gate 6	B	3	Down-Right	3	3		
2024	OLY	W	R4	Gate 7	G	1	Down-Through	1	1		
2024	OLY	W	R4	Gate 7	R	2	Down-Through	2	2		
2024	OLY	W	R4	Gate 7	B	3	Down-Through	3	3		
2024	OLY	W	R4	Gate 8	G	1	Left-Up	1	1	Left-Up	
2024	OLY	W	R4	Gate 8	R	2	Right-Up	2	2	SPLIT	
2024	OLY	W	R4	Gate 8	B	3	Right-Up	3	3	FOLLOW	
2024	OLY	W	R4	Finish	G	1	Finish	1	1		
2024	OLY	W	R4	Finish	R	2	Finish	2	2		
2024	OLY	W	R4	Finish	B	3	Finish	3	3		
2024	OLY	W	R5	Ramp	G	1	Assigned		1		
2024	OLY	W	R5	Ramp	R	2	Assigned		3		
2024	OLY	W	R5	Ramp	B	3	Assigned		2		
2024	OLY	W	R5	Gate 1	G	1	Down-Left	1	1		
2024	OLY	W	R5	Gate 1	B	3	Down-Left	2	2		
2024	OLY	W	R5	Gate 1	R	2	Down-Left	3	3		
2024	OLY	W	R5	Course	G	1	Roll	1	1		
2024	OLY	W	R5	Course	B	3	Roll	2	2		
2024	OLY	W	R5	Course	R	2	Roll	3	3		
2024	OLY	W	R5	Gate 2	G	1	Left-Up	1	1	Left-Up	
2024	OLY	W	R5	Gate 2	B	3	Right-Up	2	2	SPLIT	
2024	OLY	W	R5	Gate 2	R	2	Left-Up	3	3	SPLIT	
2024	OLY	W	R5	Gate 3	G	1	Down-Right	1	1		
2024	OLY	W	R5	Gate 3	B	3	Down-Right	2	2		
2024	OLY	W	R5	Gate 3	R	2	Down-Right	3	3		
2024	OLY	W	R5	Gate 4	G	1	Down-Left	1	1		
2024	OLY	W	R5	Gate 4	B	3	Down-Left	2	2		
2024	OLY	W	R5	Gate 4	R	2	Down-Left	3	3		
2024	OLY	W	R5	Gate 5	G	1	Down-Left	1	1		
2024	OLY	W	R5	Gate 5	B	3	Down-Left	2	2		
2024	OLY	W	R5	Gate 5	R	2	Down-Left	3	3		
2024	OLY	W	R5	Gate 6	G	1	Down-Right	1	1		
2024	OLY	W	R5	Gate 6	R	2	Down-Right	2	3		
2024	OLY	W	R5	Gate 6	B	3	Down-Right	3	2		
2024	OLY	W	R5	Gate 7	G	1	Down-Through	1	1		
2024	OLY	W	R5	Gate 7	B	3	Down-Through	2	2		
2024	OLY	W	R5	Gate 7	R	2	Down-Through	3	3		
2024	OLY	W	R5	Gate 8	G	1	Right-Up	1	1	Right-Up	
2024	OLY	W	R5	Gate 8	B	3	Left-Up	2	2	SPLIT	
2024	OLY	W	R5	Gate 8	R	2	Left-Up	3	3	FOLLOW	
2024	OLY	W	R5	Finish	G	1	Finish	1	1		
2024	OLY	W	R5	Finish	B	3	Finish	2	2		
2024	OLY	W	R5	Finish	R	2	Finish	3	3		
2024	OLY	W	R6	Ramp	R	1	Assigned		1		
2024	OLY	W	R6	Ramp	G	2	Assigned		2		
2024	OLY	W	R6	Ramp	B	4	Assigned		3		
2024	OLY	W	R6	Gate 1	R	1	Down-Left	1	1		
2024	OLY	W	R6	Gate 1	G	2	Down-Left	2	2		
2024	OLY	W	R6	Gate 1	B	4	Down-Left	3	3		
2024	OLY	W	R6	Course	R	1	Roll	1	1		
2024	OLY	W	R6	Course	G	2	Roll	2	2		
2024	OLY	W	R6	Course	B	4	Roll	3	3		
2024	OLY	W	R6	Gate 2	R	1	Left-Up	1	1	Left-Up	
2024	OLY	W	R6	Gate 2	G	2	Right-Up	2	2	SPLIT	
2024	OLY	W	R6	Gate 2	B	4	Left-Up	3	3	SPLIT	
2024	OLY	W	R6	Gate 3	R	1	Down-Right	1	1		
2024	OLY	W	R6	Gate 3	G	2	Down-Right	2	2		
2024	OLY	W	R6	Gate 3	B	4	Down-Right	3	3		
2024	OLY	W	R6	Gate 4	R	1	Down-Left	1	1		
2024	OLY	W	R6	Gate 4	G	2	Down-Left	2	2		
2024	OLY	W	R6	Gate 4	B	4	Down-Left	3	3		
2024	OLY	W	R6	Gate 5	R	1	Down-Left	1	1		
2024	OLY	W	R6	Gate 5	G	2	Down-Left	2	2		
2024	OLY	W	R6	Gate 5	B	4	Down-Left	3	3		
2024	OLY	W	R6	Gate 6	R	1	Down-Right	1	1		
2024	OLY	W	R6	Gate 6	G	2	Down-Right	2	2		
2024	OLY	W	R6	Gate 6	B	4	Down-Right	3	3		
2024	OLY	W	R6	Gate 7	R	1	Down-Through	1	1		
2024	OLY	W	R6	Gate 7	G	2	Down-Through	2	2		
2024	OLY	W	R6	Gate 7	B	4	Down-Through	3	3		
2024	OLY	W	R6	Gate 8	R	1	Left-Up	1	1	Left-Up	
2024	OLY	W	R6	Gate 8	G	2	Right-Up	2	2	SPLIT	
2024	OLY	W	R6	Gate 8	B	4	Right-Up	3	3	FOLLOW	
2024	OLY	W	R6	Finish	R	1	Finish	1	1		
2024	OLY	W	R6	Finish	G	2	Finish	2	2		
2024	OLY	W	R6	Finish	B	4	Finish	3	3		
2024	OLY	W	R7	Ramp	R	2	Assigned		1		
2024	OLY	W	R7	Ramp	G	3	Assigned		3		
2024	OLY	W	R7	Ramp	B	1	Assigned		2		
2024	OLY	W	R7	Gate 1	G	3	Down-Left	1	3		
2024	OLY	W	R7	Gate 1	R	2	Down-Left	2	1		
2024	OLY	W	R7	Gate 1	B	1	Down-Left	3	2		
2024	OLY	W	R7	Course	G	3	Roll	1	3		
2024	OLY	W	R7	Course	R	2	Roll	2	1		
2024	OLY	W	R7	Course	B	1	Roll	3	2		
2024	OLY	W	R7	Gate 2	R	2	Right-Up	1	1	Right-Up	
2024	OLY	W	R7	Gate 2	G	3	Left-Up	2	3	SPLIT	
2024	OLY	W	R7	Gate 2	B	1	Right-Up	3	2	SPLIT	
2024	OLY	W	R7	Gate 3	R	2	Down-Right	1	1		
2024	OLY	W	R7	Gate 3	B	1	Down-Right	2	2		
2024	OLY	W	R7	Gate 3	G	3	Down-Right	3	3		
2024	OLY	W	R7	Gate 4	R	2	Down-Left	1	1		
2024	OLY	W	R7	Gate 4	B	1	Down-Left	2	2		
2024	OLY	W	R7	Gate 4	G	3	Down-Left	3	3		
2024	OLY	W	R7	Gate 5	R	2	Down-Left	1	1		
2024	OLY	W	R7	Gate 5	B	1	Down-Left	2	2		
2024	OLY	W	R7	Gate 5	G	3	Down-Left	3	3		
2024	OLY	W	R7	Gate 6	R	2	Down-Right	1	1		
2024	OLY	W	R7	Gate 6	B	1	Down-Right	2	2		
2024	OLY	W	R7	Gate 6	G	3	Down-Right	3	3		
2024	OLY	W	R7	Gate 7	R	2	Down-Through	1	1		
2024	OLY	W	R7	Gate 7	B	1	Down-Through	2	2		
2024	OLY	W	R7	Gate 7	G	3	Down-Through	3	3		
2024	OLY	W	R7	Gate 8	R	2	Right-Up	1	1	Right-Up	
2024	OLY	W	R7	Gate 8	B	1	Left-Up	2	2	SPLIT	
2024	OLY	W	R7	Gate 8	G	3	Up	3	3	SPLIT	
2024	OLY	W	R7	Finish	R	2	Finish	1	1		
2024	OLY	W	R7	Finish	B	1	Finish	2	2		
2024	OLY	W	R7	Finish	G	3	Finish	3	3		
2024	OLY	W	R8	Ramp	R	1	Assigned		1		
2024	OLY	W	R8	Ramp	G	2	Assigned		4		
2024	OLY	W	R8	Ramp	B	3	Assigned		2		
2024	OLY	W	R8	Ramp	Y	4	Assigned		3		
2024	OLY	W	R8	Gate 1	R	1	Down-Left	1	1		
2024	OLY	W	R8	Gate 1	B	3	Down-Left	2	2		
2024	OLY	W	R8	Gate 1	G	2	Down-Left	3	4		
2024	OLY	W	R8	Gate 1	Y	4	Down-Left	4	3		
2024	OLY	W	R8	Course	R	1	Roll	1	1		
2024	OLY	W	R8	Course	G	2	Roll	2	4		
2024	OLY	W	R8	Course	B	3	Roll	3	2		
2024	OLY	W	R8	Course	Y	4	Roll	4	3		
2024	OLY	W	R8	Gate 2	R	1	Right-Up	1	1	Right-Up	
2024	OLY	W	R8	Gate 2	B	3	Right-Up	2	2	FOLLOW	
2024	OLY	W	R8	Gate 2	G	2	Right-Up	3	4	FOLLOW	
2024	OLY	W	R8	Gate 2	Y	4	Right-Up	4	3	FOLLOW	
2024	OLY	W	R8	Gate 3	R	1	Down-Right	1	1		
2024	OLY	W	R8	Gate 3	B	3	Down-Right	2	2		
2024	OLY	W	R8	Gate 3	G	2	Down-Right	3	4		
2024	OLY	W	R8	Gate 3	Y	4	Down-Right	4	3		
2024	OLY	W	R8	Gate 4	R	1	Down-Left	1	1		
2024	OLY	W	R8	Gate 4	B	3	Down-Left	2	2		
2024	OLY	W	R8	Gate 4	G	2	Down-Left	3	4		
2024	OLY	W	R8	Gate 4	Y	4	Down-Left	4	3		
2024	OLY	W	R8	Gate 5	R	1	Down-Left	1	1		
2024	OLY	W	R8	Gate 5	B	3	Down-Left	2	2		
2024	OLY	W	R8	Gate 5	G	2	Down-Left	3	4		
2024	OLY	W	R8	Gate 5	Y	4	Down-Left	4	3		
2024	OLY	W	R8	Gate 6	R	1	Down-Right	1	1		
2024	OLY	W	R8	Gate 6	B	3	Down-Right	2	2		
2024	OLY	W	R8	Gate 6	G	2	Down-Right	3	4		
2024	OLY	W	R8	Gate 6	Y	4	Down-Right	4	3		
2024	OLY	W	R8	Gate 7	R	1	Down-Through	1	1		
2024	OLY	W	R8	Gate 7	B	3	Down-Through	2	2		
2024	OLY	W	R8	Gate 7	G	2	Down-Through	3	4		
2024	OLY	W	R8	Gate 7	Y	4	Down-Through	4	3		
2024	OLY	W	R8	Gate 8	R	1	Left-Up	1	1	Left-Up	
2024	OLY	W	R8	Gate 8	B	3	Right-Up	2	2	SPLIT	
2024	OLY	W	R8	Gate 8	G	2	Right-Up	3	4	FOLLOW	
2024	OLY	W	R8	Gate 8	Y	4	Up	4	3	SPLIT	
2024	OLY	W	R8	Finish	R	1	Finish	1	1		
2024	OLY	W	R8	Finish	B	3	Finish	2	2		
2024	OLY	W	R8	Finish	Y	4	Finish	3	3		
2024	OLY	W	R8	Finish	G	2	Finish	4	4		
2024	OLY	W	R9	Ramp	R	1	Assigned		1		
2024	OLY	W	R9	Ramp	G	2	Assigned		2		
2024	OLY	W	R9	Ramp	B	4	Assigned		4		
2024	OLY	W	R9	Ramp	Y	3	Assigned		3		
2024	OLY	W	R9	Gate 1	G	2	Down-Left	1	2		
2024	OLY	W	R9	Gate 1	R	1	Down-Left	2	1		
2024	OLY	W	R9	Gate 1	B	4	Down-Left	3	4		
2024	OLY	W	R9	Gate 1	Y	3	Down-Left	4	3		
2024	OLY	W	R9	Course	G	2	Roll	1	2		
2024	OLY	W	R9	Course	R	1	Roll	2	1		
2024	OLY	W	R9	Course	B	4	Roll	3	4		
2024	OLY	W	R9	Course	Y	3	Roll	4	3		
2024	OLY	W	R9	Gate 2	R	1	Right-Up	1	1	Right-Up	
2024	OLY	W	R9	Gate 2	G	2	Left-Up	2	2	SPLIT	
2024	OLY	W	R9	Gate 2	B	4	Left-Up	3	4	FOLLOW	
2024	OLY	W	R9	Gate 2	Y	3	Right-Up	4	3	SPLIT	
2024	OLY	W	R9	Gate 3	R	1	Down-Right	1	1		
2024	OLY	W	R9	Gate 3	G	2	Down-Right	2	2		
2024	OLY	W	R9	Gate 3	Y	3	Down-Right	3	3		
2024	OLY	W	R9	Gate 3	B	4	Down-Right	4	4		
2024	OLY	W	R9	Gate 4	R	1	Down-Left	1	1		
2024	OLY	W	R9	Gate 4	G	2	Down-Left	2	2		
2024	OLY	W	R9	Gate 4	Y	3	Down-Left	3	3		
2024	OLY	W	R9	Gate 4	B	4	Down-Left	4	4		
2024	OLY	W	R9	Gate 5	R	1	Down-Left	1	1		
2024	OLY	W	R9	Gate 5	G	2	Down-Left	2	2		
2024	OLY	W	R9	Gate 5	Y	3	Down-Left	3	3		
2024	OLY	W	R9	Gate 5	B	4	Down-Left	4	4		
2024	OLY	W	R9	Gate 6	R	1	Down-Right	1	1		
2024	OLY	W	R9	Gate 6	G	2	Down-Right	2	2		
2024	OLY	W	R9	Gate 6	Y	3	Down-Right	3	3		
2024	OLY	W	R9	Gate 6	B	4	Down-Right	4	4		
2024	OLY	W	R9	Gate 7	R	1	Down-Through	1	1		
2024	OLY	W	R9	Gate 7	G	2	Down-Through	2	2		
2024	OLY	W	R9	Gate 7	Y	3	Down-Through	3	3		
2024	OLY	W	R9	Gate 7	B	4	Down-Through	4	4		
2024	OLY	W	R9	Gate 8	R	1	Left-Up	1	1	Left-Up	
2024	OLY	W	R9	Gate 8	G	2	Right-Up	2	2	SPLIT	
2024	OLY	W	R9	Gate 8	Y	3	Right-Up	3	3	FOLLOW	
2024	OLY	W	R9	Gate 8	B	4	Right-Up	4	4	FOLLOW	
2024	OLY	W	R9	Finish	R	1	Finish	1	1		
2024	OLY	W	R9	Finish	G	2	Finish	2	2		
2024	OLY	W	R9	Finish	Y	3	Finish	3	3		
2024	OLY	W	R9	Finish	B	4	Finish	4	4		
2024	OLY	W	R10	Ramp	G	1	Assigned		3		
2024	OLY	W	R10	Ramp	R	2	Assigned		1		
2024	OLY	W	R10	Ramp	B	3	Assigned		2		
2024	OLY	W	R10	Ramp	Y	4	Assigned		4		
2024	OLY	W	R10	Gate 1	R	2	Down-Left	1	1		
2024	OLY	W	R10	Gate 1	G	1	Down-Left	2	3		
2024	OLY	W	R10	Gate 1	B	3	Down-Left	3	2		
2024	OLY	W	R10	Gate 1	Y	4	Down-Left	4	4		
2024	OLY	W	R10	Course	R	2	Roll	1	1		
2024	OLY	W	R10	Course	G	1	Roll	2	3		
2024	OLY	W	R10	Course	B	3	Roll	3	2		
2024	OLY	W	R10	Course	Y	4	Roll	4	4		
2024	OLY	W	R10	Gate 2	R	2	Right-Up	1	1	Right-Up	
2024	OLY	W	R10	Gate 2	G	1	Left-Up	2	3	SPLIT	
2024	OLY	W	R10	Gate 2	B	3	Right-Up	3	2	SPLIT	
2024	OLY	W	R10	Gate 2	Y	4	Right-Up	4	4	FOLLOW	
2024	OLY	W	R10	Gate 3	R	2	Down-Right	1	1		
2024	OLY	W	R10	Gate 3	B	3	Down-Right	2	2		
2024	OLY	W	R10	Gate 3	Y	4	Down-Right	3	4		
2024	OLY	W	R10	Gate 3	G	1	Down-Right	4	3		
2024	OLY	W	R10	Gate 4	R	2	Down-Left	1	1		
2024	OLY	W	R10	Gate 4	B	3	Down-Left	2	2		
2024	OLY	W	R10	Gate 4	Y	4	Down-Left	3	4		
2024	OLY	W	R10	Gate 4	G	1	Down-Left	4	3		
2024	OLY	W	R10	Gate 5	R	2	Down-Left	1	1		
2024	OLY	W	R10	Gate 5	B	3	Down-Left	2	2		
2024	OLY	W	R10	Gate 5	Y	4	Down-Left	3	4		
2024	OLY	W	R10	Gate 5	G	1	Down-Left	4	3		
2024	OLY	W	R10	Gate 6	R	2	Down-Right	1	1		
2024	OLY	W	R10	Gate 6	B	3	Down-Right	2	2		
2024	OLY	W	R10	Gate 6	Y	4	Down-Right	3	4		
2024	OLY	W	R10	Gate 6	G	1	Down-Right	4	3		
2024	OLY	W	R10	Gate 7	R	2	Down-Through	1	1		
2024	OLY	W	R10	Gate 7	B	3	Down-Through	2	2		
2024	OLY	W	R10	Gate 7	Y	4	Down-Through	3	4		
2024	OLY	W	R10	Gate 7	G	1	Down-Through	4	3		
2024	OLY	W	R10	Gate 8	R	2	Right-Up	1	1	Right-Up	
2024	OLY	W	R10	Gate 8	B	3	Left-Up	2	2	SPLIT	
2024	OLY	W	R10	Gate 8	Y	4	Right-Up	3	4	SPLIT	
2024	OLY	W	R10	Gate 8	G	1	Left-Up	4	3	SPLIT	
2024	OLY	W	R10	Finish	R	2	Finish	1	1		
2024	OLY	W	R10	Finish	B	3	Finish	2	2		
2024	OLY	W	R10	Finish	G	1	Finish	3	3		
2024	OLY	W	R10	Finish	Y	4	Finish	4	4		
2024	OLY	W	R11	Ramp	Y	1	Assigned		3		
2024	OLY	W	R11	Ramp	R	2	Assigned		1		
2024	OLY	W	R11	Ramp	G	3	Assigned		2		
2024	OLY	W	R11	Ramp	B	4	Assigned		4		
2024	OLY	W	R11	Gate 1	R	2	Down-Left	1	1		
2024	OLY	W	R11	Gate 1	Y	1	Down-Left	2	3		
2024	OLY	W	R11	Gate 1	G	3	Down-Left	3	2		
2024	OLY	W	R11	Gate 1	B	4	Down-Left	4	4		
2024	OLY	W	R11	Course	R	2	Roll	1	1		
2024	OLY	W	R11	Course	Y	1	Roll	2	3		
2024	OLY	W	R11	Course	B	4	Roll	3	4		
2024	OLY	W	R11	Course	G	3	Roll	4	2		FLT
2024	OLY	W	R11	Gate 2	R	2	Right-Up	1	1	Right-Up	
2024	OLY	W	R11	Gate 2	Y	1	Right-Up	2	3	FOLLOW	
2024	OLY	W	R11	Gate 2	B	4	Right-Up	3	4	FOLLOW	
2024	OLY	W	R11	Gate 2	G	3	Right-Up	4	2	FOLLOW	FLT
2024	OLY	W	R11	Gate 3	R	2	Down-Right	1	1		
2024	OLY	W	R11	Gate 3	G	3	Down-Right	2	2		FLT
2024	OLY	W	R11	Gate 3	Y	1	Down-Right	3	3		
2024	OLY	W	R11	Gate 3	B	4	Down-Right	4	4		
2024	OLY	W	R11	Gate 4	R	2	Down-Left	1	1		
2024	OLY	W	R11	Gate 4	G	3	Down-Left	2	2		
2024	OLY	W	R11	Gate 4	Y	1	Down-Left	3	3		
2024	OLY	W	R11	Gate 4	B	4	Down-Left	4	4		
2024	OLY	W	R11	Gate 5	R	2	Down-Left	1	1		
2024	OLY	W	R11	Gate 5	G	3	Down-Left	2	2		
2024	OLY	W	R11	Gate 5	Y	1	Down-Left	3	3		
2024	OLY	W	R11	Gate 5	B	4	Down-Left	4	4		
2024	OLY	W	R11	Gate 6	R	2	Down-Right	1	1		
2024	OLY	W	R11	Gate 6	G	3	Down-Right	2	2		
2024	OLY	W	R11	Gate 6	Y	1	Down-Right	3	3		
2024	OLY	W	R11	Gate 6	B	4	Down-Right	4	4		
2024	OLY	W	R11	Gate 7	R	2	Down-Through	1	1		
2024	OLY	W	R11	Gate 7	G	3	Down-Through	2	2		
2024	OLY	W	R11	Gate 7	Y	1	Down-Through	3	3		
2024	OLY	W	R11	Gate 7	B	4	Down-Through	4	4		
2024	OLY	W	R11	Gate 8	R	2	Left-Up	1	1	Left-Up	
2024	OLY	W	R11	Gate 8	G	3	Right-Up	2	2	SPLIT	
2024	OLY	W	R11	Gate 8	Y	1	Up	3	3	SPLIT	
2024	OLY	W	R11	Gate 8	B	4	Left-Up	4	4	SPLIT	
2024	OLY	W	R11	Finish	R	2	Finish	1	1		
2024	OLY	W	R11	Finish	G	3	Finish	2	2		REL
2024	OLY	W	R11	Finish	Y	1	Finish	3	3		
2024	OLY	W	R11	Finish	B	4	Finish	4	4		
2024	OLY	W	Rep1	Ramp	R	1	Assigned		1		
2024	OLY	W	Rep1	Ramp	G	2	Assigned		3		
2024	OLY	W	Rep1	Ramp	B	3	Assigned		2		
2024	OLY	W	Rep1	Ramp	R	1	Assigned		1		
2024	OLY	W	Rep1	Ramp	G	2	Assigned		3		
2024	OLY	W	Rep1	Ramp	B	3	Assigned		2		
2024	OLY	W	Rep1	Gate 1	G	2	Down-Left	1	3		
2024	OLY	W	Rep1	Gate 1	R	1	Down-Left	2	1		
2024	OLY	W	Rep1	Gate 1	B	3	Down-Left	3	2		
2024	OLY	W	Rep1	Course	R	1	Roll	1	1		
2024	OLY	W	Rep1	Course	G	2	Roll	2	3		
2024	OLY	W	Rep1	Course	B	3	Roll	3	2		
2024	OLY	W	Rep1	Gate 2	R	1	Left-Up	1	1	Left-Up	
2024	OLY	W	Rep1	Gate 2	G	2	Left-Up	2	3	FOLLOW	
2024	OLY	W	Rep1	Gate 2	B	3	Right-Up	3	2	SPLIT	
2024	OLY	W	Rep1	Gate 3	R	1	Down-Right	1	1		
2024	OLY	W	Rep1	Gate 3	B	3	Down-Right	2	2		
2024	OLY	W	Rep1	Gate 3	G	2	Down-Right	3	3		
2024	OLY	W	Rep1	Gate 4	R	1	Down-Left	1	1		
2024	OLY	W	Rep1	Gate 4	B	3	Down-Left	2	2		
2024	OLY	W	Rep1	Gate 4	G	2	Down-Left	3	3		
2024	OLY	W	Rep1	Gate 5	R	1	Down-Left	1	1		
2024	OLY	W	Rep1	Gate 5	B	3	Down-Left	2	2		
2024	OLY	W	Rep1	Gate 5	G	2	Down-Left	3	3		
2024	OLY	W	Rep1	Gate 6	R	1	Down-Right	1	1		
2024	OLY	W	Rep1	Gate 6	B	3	Down-Right	2	2		
2024	OLY	W	Rep1	Gate 6	G	2	Down-Right	3	3		
2024	OLY	W	Rep1	Gate 7	R	1	Down-Through	1	1		
2024	OLY	W	Rep1	Gate 7	B	3	Down-Through	2	2		
2024	OLY	W	Rep1	Gate 7	G	2	Down-Through	3	3		
2024	OLY	W	Rep1	Gate 8	R	1	Left-Up	1	1	Left-Up	
2024	OLY	W	Rep1	Gate 8	B	3	Right-Up	2	2	SPLIT	
2024	OLY	W	Rep1	Gate 8	G	2	Right-Up	3	3	FOLLOW	
2024	OLY	W	Rep1	Finish	R	1	Finish	1	1		
2024	OLY	W	Rep1	Finish	B	3	Finish	2	2		
2024	OLY	W	Rep1	Finish	G	2	Finish	3	3		
2024	OLY	W	Rep2	Ramp	R	2	Assigned		1		
2024	OLY	W	Rep2	Ramp	G	3	Assigned		2		
2024	OLY	W	Rep2	Ramp	B	4	Assigned		3		
2024	OLY	W	Rep2	Gate 1	R	2	Down-Left	1	1		
2024	OLY	W	Rep2	Gate 1	G	3	Down-Left	2	2		
2024	OLY	W	Rep2	Gate 1	B	4	Down-Left	3	3		
2024	OLY	W	Rep2	Course	R	2	Roll	1	1		
2024	OLY	W	Rep2	Course	G	3	Roll	2	2		
2024	OLY	W	Rep2	Course	B	4	Roll	3	3		
2024	OLY	W	Rep2	Gate 2	R	2	Left-Up	1	1	Left-Up	
2024	OLY	W	Rep2	Gate 2	B	4	Right-Up	2	3	SPLIT	
2024	OLY	W	Rep2	Gate 2	G	3	Right-Up	3	2	FOLLOW	
2024	OLY	W	Rep2	Gate 3	R	2	Down-Right	1	1		
2024	OLY	W	Rep2	Gate 3	B	4	Down-Right	2	3		
2024	OLY	W	Rep2	Gate 3	G	3	Down-Right	3	2		
2024	OLY	W	Rep2	Gate 4	R	2	Down-Left	1	1		
2024	OLY	W	Rep2	Gate 4	B	4	Down-Left	2	3		
2024	OLY	W	Rep2	Gate 4	G	3	Down-Left	3	2		
2024	OLY	W	Rep2	Gate 5	R	2	Down-Left	1	1		
2024	OLY	W	Rep2	Gate 5	G	3	Down-Left	2	2		
2024	OLY	W	Rep2	Gate 5	B	4	Down-Left	3	3		
2024	OLY	W	Rep2	Gate 6	R	2	Down-Right	1	1		
2024	OLY	W	Rep2	Gate 6	G	3	Down-Right	2	2		
2024	OLY	W	Rep2	Gate 6	B	4	Down-Right	3	3		
2024	OLY	W	Rep2	Gate 7	R	2	Down-Through	1	1		
2024	OLY	W	Rep2	Gate 7	G	3	Down-Through	2	2		
2024	OLY	W	Rep2	Gate 7	B	4	Down-Through	3	3		
2024	OLY	W	Rep2	Gate 8	R	2	Left-Up	1	1	Left-Up	
2024	OLY	W	Rep2	Gate 8	G	3	Right-Up	2	2	SPLIT	
2024	OLY	W	Rep2	Gate 8	B	4	Right-Up	3	3	FOLLOW	
2024	OLY	W	Rep2	Finish	R	2	Finish	1	1		
2024	OLY	W	Rep2	Finish	G	3	Finish	2	2		
2024	OLY	W	Rep2	Finish	B	4	Finish	3	3		
2024	OLY	W	Rep3	Ramp	G	1	Assigned		2		
2024	OLY	W	Rep3	Ramp	R	2	Assigned		1		
2024	OLY	W	Rep3	Ramp	B	3	Assigned		3		
2024	OLY	W	Rep3	Gate 1	R	2	Down-Left	1	1		
2024	OLY	W	Rep3	Gate 1	B	3	Down-Left	2	3		
2024	OLY	W	Rep3	Gate 1	G	1	Down-Left	3	2		
2024	OLY	W	Rep3	Course	R	2	Roll	1	1		
2024	OLY	W	Rep3	Course	G	1	Roll	2	2		
2024	OLY	W	Rep3	Course	B	3	Roll	3	3		
2024	OLY	W	Rep3	Gate 2	R	2	Left-Up	1	1	Left-Up	
2024	OLY	W	Rep3	Gate 2	G	1	Right-Up	2	2	SPLIT	
2024	OLY	W	Rep3	Gate 2	B	3	Left-Up	3	3	SPLIT	
2024	OLY	W	Rep3	Gate 3	G	1	Down-Right	1	2		
2024	OLY	W	Rep3	Gate 3	R	2	Down-Right	2	1		
2024	OLY	W	Rep3	Gate 3	B	3	Down-Right	3	3		
2024	OLY	W	Rep3	Gate 4	R	2	Down-Left	1	1		
2024	OLY	W	Rep3	Gate 4	G	1	Down-Left	2	2		
2024	OLY	W	Rep3	Gate 4	B	3	Down-Left	3	3		
2024	OLY	W	Rep3	Gate 5	R	2	Down-Left	1	1		
2024	OLY	W	Rep3	Gate 5	G	1	Down-Left	2	2		
2024	OLY	W	Rep3	Gate 5	B	3	Down-Left	3	3		
2024	OLY	W	Rep3	Gate 6	R	2	Down-Right	1	1		
2024	OLY	W	Rep3	Gate 6	G	1	Down-Right	2	2		
2024	OLY	W	Rep3	Gate 6	B	3	Down-Right	3	3		
2024	OLY	W	Rep3	Gate 7	R	2	Down-Through	1	1		
2024	OLY	W	Rep3	Gate 7	G	1	Down-Through	2	2		
2024	OLY	W	Rep3	Gate 7	B	3	Down-Through	3	3		
2024	OLY	W	Rep3	Gate 8	R	2	Left-Up	1	1	Left-Up	
2024	OLY	W	Rep3	Gate 8	G	1	Right-Up	2	2	SPLIT	
2024	OLY	W	Rep3	Gate 8	B	3	Right-Up	3	3	FOLLOW	
2024	OLY	W	Rep3	Finish	R	2	Finish	1	1		
2024	OLY	W	Rep3	Finish	G	1	Finish	2	2		
2024	OLY	W	Rep3	Finish	B	3	Finish	3	3		
2024	OLY	W	Rep4	Ramp	R	1	Assigned		2		
2024	OLY	W	Rep4	Ramp	G	2	Assigned		3		
2024	OLY	W	Rep4	Ramp	B	3	Assigned		1		
2024	OLY	W	Rep4	Gate 1	B	3	Down-Left	1	1		
2024	OLY	W	Rep4	Gate 1	R	1	Down-Left	2	2		
2024	OLY	W	Rep4	Gate 1	G	2	Down-Left	3	3		
2024	OLY	W	Rep4	Course	B	3	Roll	1	1		
2024	OLY	W	Rep4	Course	R	1	Roll	2	2		
2024	OLY	W	Rep4	Course	G	2	Roll	3	3		
2024	OLY	W	Rep4	Gate 2	B	3	Right-Up	1	1	Right-Up	
2024	OLY	W	Rep4	Gate 2	R	1	Left-Up	2	2	SPLIT	
2024	OLY	W	Rep4	Gate 2	G	2	Right-Up	3	3	SPLIT	
2024	OLY	W	Rep4	Gate 3	B	3	Down-Right	1	1		
2024	OLY	W	Rep4	Gate 3	R	1	Down-Right	2	2		
2024	OLY	W	Rep4	Gate 3	G	2	Down-Right	3	3		
2024	OLY	W	Rep4	Gate 4	B	3	Down-Left	1	1		
2024	OLY	W	Rep4	Gate 4	R	1	Down-Left	2	2		
2024	OLY	W	Rep4	Gate 4	G	2	Down-Left	3	3		
2024	OLY	W	Rep4	Gate 5	B	3	Down-Left	1	1		
2024	OLY	W	Rep4	Gate 5	R	1	Down-Left	2	2		
2024	OLY	W	Rep4	Gate 5	G	2	Down-Left	3	3		
2024	OLY	W	Rep4	Gate 6	B	3	Down-Right	1	1		
2024	OLY	W	Rep4	Gate 6	R	1	Down-Right	2	2		
2024	OLY	W	Rep4	Gate 6	G	2	Down-Right	3	3		
2024	OLY	W	Rep4	Gate 7	B	3	Down-Through	1	1		
2024	OLY	W	Rep4	Gate 7	R	1	Down-Through	2	2		
2024	OLY	W	Rep4	Gate 7	G	2	Down-Through	3	3		
2024	OLY	W	Rep4	Gate 8	B	3	Right-Up	1	1	Right-Up	
2024	OLY	W	Rep4	Gate 8	R	1	Left-Up	2	2	SPLIT	
2024	OLY	W	Rep4	Gate 8	G	2	Left-Up	3	3	FOLLOW	
2024	OLY	W	Rep4	Finish	B	3	Finish	1	1		
2024	OLY	W	Rep4	Finish	R	1	Finish	2	2		
2024	OLY	W	Rep4	Finish	G	2	Finish	3	3		
2024	OLY	W	Rep5	Ramp	B	1	Assigned		2		
2024	OLY	W	Rep5	Ramp	R	2	Assigned		1		
2024	OLY	W	Rep5	Ramp	G	4	Assigned		3		
2024	OLY	W	Rep5	Gate 1	R	2	Down-Left	1	1		
2024	OLY	W	Rep5	Gate 1	G	4	Down-Left	2	3		
2024	OLY	W	Rep5	Gate 1	B	1	Down-Left	3	2		
2024	OLY	W	Rep5	Course	R	2	Roll	1	1		
2024	OLY	W	Rep5	Course	G	4	Roll	2	3		
2024	OLY	W	Rep5	Course	B	1	Roll	3	2		
2024	OLY	W	Rep5	Gate 2	R	2	Right-Up	1	1	Right-Up	
2024	OLY	W	Rep5	Gate 2	B	1	Right-Up	2	2	FOLLOW	
2024	OLY	W	Rep5	Gate 2	G	4	Left-Up	3	3	SPLIT	
2024	OLY	W	Rep5	Gate 3	R	2	Down-Right	1	1		
2024	OLY	W	Rep5	Gate 3	B	1	Down-Right	2	2		
2024	OLY	W	Rep5	Gate 3	G	4	Down-Right	3	3		
2024	OLY	W	Rep5	Gate 4	R	2	Down-Left	1	1		
2024	OLY	W	Rep5	Gate 4	B	1	Down-Left	2	2		
2024	OLY	W	Rep5	Gate 4	G	4	Down-Left	3	3		
2024	OLY	W	Rep5	Gate 5	R	2	Down-Left	1	1		
2024	OLY	W	Rep5	Gate 5	B	1	Down-Left	2	2		
2024	OLY	W	Rep5	Gate 5	G	4	Down-Left	3	3		
2024	OLY	W	Rep5	Gate 6	R	2	Down-Right	1	1		
2024	OLY	W	Rep5	Gate 6	B	1	Down-Right	2	2		
2024	OLY	W	Rep5	Gate 6	G	4	Down-Right	3	3		
2024	OLY	W	Rep5	Gate 7	R	2	Down-Through	1	1		
2024	OLY	W	Rep5	Gate 7	B	1	Down-Through	2	2		
2024	OLY	W	Rep5	Gate 7	G	4	Down-Through	3	3		
2024	OLY	W	Rep5	Gate 8	R	2	Left-Up	1	1	Left-Up	
2024	OLY	W	Rep5	Gate 8	B	1	Right-Up	2	2	SPLIT	
2024	OLY	W	Rep5	Gate 8	G	4	Right-Up	3	3	FOLLOW	
2024	OLY	W	Rep5	Finish	R	2	Finish	1	1		
2024	OLY	W	Rep5	Finish	B	1	Finish	2	2		
2024	OLY	W	Rep5	Finish	G	4	Finish	3	3		
2024	OLY	W	H1	Ramp	B	1	Assigned		2		
2024	OLY	W	H1	Ramp	R	2	Assigned		1		
2024	OLY	W	H1	Ramp	G	3	Assigned		4		
2024	OLY	W	H1	Ramp	Y	4	Assigned		3		
2024	OLY	W	H1	Gate 1	R	2	Down-Left	1	1		
2024	OLY	W	H1	Gate 1	B	1	Down-Left	2	2		
2024	OLY	W	H1	Gate 1	G	3	Down-Left	3	4		
2024	OLY	W	H1	Gate 1	Y	4	Down-Left	4	3		
2024	OLY	W	H1	Course	R	2	Roll	1	1		
2024	OLY	W	H1	Course	B	1	Roll	2	2		
2024	OLY	W	H1	Course	G	3	Roll	3	4		
2024	OLY	W	H1	Course	Y	4	Roll	4	3		
2024	OLY	W	H1	Gate 2	R	2	Right-Up	1	1	Right-Up	
2024	OLY	W	H1	Gate 2	B	1	Left-Up	2	2	SPLIT	
2024	OLY	W	H1	Gate 2	G	3	Left-Up	3	4	FOLLOW	
2024	OLY	W	H1	Gate 2	Y	4	Right-Up	4	3	SPLIT	
2024	OLY	W	H1	Gate 3	R	2	Down-Right	1	1		
2024	OLY	W	H1	Gate 3	B	1	Down-Right	2	2		
2024	OLY	W	H1	Gate 3	G	3	Down-Right	3	4		
2024	OLY	W	H1	Gate 3	Y	4	Down-Right	4	3		
2024	OLY	W	H1	Gate 4	R	2	Down-Left	1	1		
2024	OLY	W	H1	Gate 4	B	1	Down-Left	2	2		
2024	OLY	W	H1	Gate 4	G	3	Down-Left	3	4		
2024	OLY	W	H1	Gate 4	Y	4	Down-Left	4	3		
2024	OLY	W	H1	Gate 5	R	2	Down-Left	1	1		
2024	OLY	W	H1	Gate 5	B	1	Down-Left	2	2		
2024	OLY	W	H1	Gate 5	G	3	Down-Left	3	4		
2024	OLY	W	H1	Gate 5	Y	4	Down-Left	4	3		
2024	OLY	W	H1	Gate 6	R	2	Down-Right	1	1		
2024	OLY	W	H1	Gate 6	B	1	Down-Right	2	2		
2024	OLY	W	H1	Gate 6	G	3	Down-Right	3	4		
2024	OLY	W	H1	Gate 6	Y	4	Down-Right	4	3		
2024	OLY	W	H1	Gate 7	R	2	Down-Through	1	1		
2024	OLY	W	H1	Gate 7	B	1	Down-Through	2	2		
2024	OLY	W	H1	Gate 7	G	3	Down-Through	3	4		
2024	OLY	W	H1	Gate 7	Y	4	Down-Through	4	3		
2024	OLY	W	H1	Gate 8	R	2	Right-Up	1	1	Right-Up	
2024	OLY	W	H1	Gate 8	B	1	Left-Up	2	2	SPLIT	
2024	OLY	W	H1	Gate 8	G	3	Left-Up	3	4	FOLLOW	
2024	OLY	W	H1	Gate 8	Y	4	Right-Up	4	3	SPLIT	
2024	OLY	W	H1	Finish	R	2	Finish	1	1		
2024	OLY	W	H1	Finish	B	1	Finish	2	2		
2024	OLY	W	H1	Finish	Y	4	Finish	3	3		
2024	OLY	W	H1	Finish	G	3	Finish	4	4		
2024	OLY	W	H2	Ramp	G	1	Assigned		1		
2024	OLY	W	H2	Ramp	R	2	Assigned		3		
2024	OLY	W	H2	Ramp	B	3	Assigned		2		
2024	OLY	W	H2	Ramp	Y	4	Assigned		4		
2024	OLY	W	H2	Gate 1	G	1	Down-Left	1	1		
2024	OLY	W	H2	Gate 1	B	3	Down-Left	2	2		
2024	OLY	W	H2	Gate 1	R	2	Down-Left	3	3		
2024	OLY	W	H2	Gate 1	Y	4	Down-Left	4	4		
2024	OLY	W	H2	Course	G	1	Roll	1	1		
2024	OLY	W	H2	Course	B	3	Roll	2	2		
2024	OLY	W	H2	Course	R	2	Roll	3	3		
2024	OLY	W	H2	Course	Y	4	Roll	4	4		
2024	OLY	W	H2	Gate 2	G	1	Right-Up	1	1	Right-Up	
2024	OLY	W	H2	Gate 2	B	3	Left-Up	2	2	SPLIT	
2024	OLY	W	H2	Gate 2	R	2	Right-Up	3	3	SPLIT	
2024	OLY	W	H2	Gate 2	Y	4	Right-Up	4	4	FOLLOW	
2024	OLY	W	H2	Gate 3	G	1	Down-Right	1	1		
2024	OLY	W	H2	Gate 3	B	3	Down-Right	2	2		
2024	OLY	W	H2	Gate 3	Y	4	Down-Right	3	4		
2024	OLY	W	H2	Gate 3	R	2	Down-Right	4	3		
2024	OLY	W	H2	Gate 4	B	3	Down-Left	1	2		
2024	OLY	W	H2	Gate 4	G	1	Down-Left	2	1		
2024	OLY	W	H2	Gate 4	Y	4	Down-Left	3	4		
2024	OLY	W	H2	Gate 4	R	2	Down-Left	4	3		
2024	OLY	W	H2	Gate 5	G	1	Down-Left	1	1		
2024	OLY	W	H2	Gate 5	B	3	Down-Left	2	2		
2024	OLY	W	H2	Gate 5	Y	4	Down-Left	3	4		
2024	OLY	W	H2	Gate 5	R	2	Down-Left	4	3		
2024	OLY	W	H2	Gate 6	G	1	Down-Right	1	1		
2024	OLY	W	H2	Gate 6	B	3	Down-Right	2	2		
2024	OLY	W	H2	Gate 6	Y	4	Down-Right	3	4		
2024	OLY	W	H2	Gate 6	R	2	Down-Right	4	3		
2024	OLY	W	H2	Gate 7	G	1	Down-Through	1	1		
2024	OLY	W	H2	Gate 7	B	3	Down-Through	2	2		
2024	OLY	W	H2	Gate 7	Y	4	Down-Through	3	4		
2024	OLY	W	H2	Gate 7	R	2	Down-Through	4	3		
2024	OLY	W	H2	Gate 8	G	1	Left-Up	1	1	Left-Up	
2024	OLY	W	H2	Gate 8	B	3	Right-Up	2	2	SPLIT	
2024	OLY	W	H2	Gate 8	Y	4	Right-Up	3	4	FOLLOW	
2024	OLY	W	H2	Gate 8	R	2	Left-Up	4	3	SPLIT	
2024	OLY	W	H2	Finish	G	1	Finish	1	1		
2024	OLY	W	H2	Finish	B	3	Finish	2	2		
2024	OLY	W	H2	Finish	R	2	Finish	3	3		
2024	OLY	W	H2	Finish	Y	4	Finish	4	4		
2024	OLY	W	H3	Ramp	R	1	Assigned		1		
2024	OLY	W	H3	Ramp	G	2	Assigned		4		
2024	OLY	W	H3	Ramp	B	3	Assigned		3		
2024	OLY	W	H3	Ramp	Y	4	Assigned		2		
2024	OLY	W	H3	Gate 1	R	1	Down-Left	1	1		
2024	OLY	W	H3	Gate 1	Y	4	Down-Left	2	2		
2024	OLY	W	H3	Gate 1	B	3	Down-Left	3	3		
2024	OLY	W	H3	Gate 1	G	2	Down-Left	4	4		
2024	OLY	W	H3	Course	R	1	Roll	1	1		
2024	OLY	W	H3	Course	Y	4	Roll	2	2		
2024	OLY	W	H3	Course	B	3	Roll	3	3		
2024	OLY	W	H3	Course	G	2	Roll	4	4		
2024	OLY	W	H3	Gate 2	R	1	Right-Up	1	1	Right-Up	
2024	OLY	W	H3	Gate 2	Y	4	Left-Up	2	2	SPLIT	
2024	OLY	W	H3	Gate 2	B	3	Left-Up	3	3	FOLLOW	
2024	OLY	W	H3	Gate 2	G	2	Right-Up	4	4	SPLIT	
2024	OLY	W	H3	Gate 3	R	1	Down-Right	1	1		
2024	OLY	W	H3	Gate 3	Y	4	Down-Right	2	2		
2024	OLY	W	H3	Gate 3	G	2	Down-Right	3	4		
2024	OLY	W	H3	Gate 3	B	3	Down-Right	4	3		
2024	OLY	W	H3	Gate 4	R	1	Down-Left	1	1		
2024	OLY	W	H3	Gate 4	Y	4	Down-Left	2	2		
2024	OLY	W	H3	Gate 4	G	2	Down-Left	3	4		
2024	OLY	W	H3	Gate 4	B	3	Down-Left	4	3		
2024	OLY	W	H3	Gate 5	R	1	Down-Left	1	1		
2024	OLY	W	H3	Gate 5	Y	4	Down-Left	2	2		
2024	OLY	W	H3	Gate 5	G	2	Down-Left	3	4		
2024	OLY	W	H3	Gate 5	B	3	Down-Left	4	3		
2024	OLY	W	H3	Gate 6	R	1	Down-Right	1	1		
2024	OLY	W	H3	Gate 6	Y	4	Down-Right	2	2		
2024	OLY	W	H3	Gate 6	G	2	Down-Right	3	4		
2024	OLY	W	H3	Gate 6	B	3	Down-Right	4	3		
2024	OLY	W	H3	Gate 7	R	1	Down-Through	1	1		
2024	OLY	W	H3	Gate 7	Y	4	Down-Through	2	2		
2024	OLY	W	H3	Gate 7	G	2	Down-Through	3	4		
2024	OLY	W	H3	Gate 7	B	3	Down-Through	4	3		
2024	OLY	W	H3	Gate 8	R	1	Left-Up	1	1	Left-Up	
2024	OLY	W	H3	Gate 8	Y	4	Right-Up	2	2	SPLIT	
2024	OLY	W	H3	Gate 8	G	2	Right-Up	3	4	FOLLOW	
2024	OLY	W	H3	Gate 8	B	3	Left-Up	4	3	SPLIT	
2024	OLY	W	H3	Finish	R	1	Finish	1	1		
2024	OLY	W	H3	Finish	Y	4	Finish	2	2		
2024	OLY	W	H3	Finish	B	3	Finish	3	3		
2024	OLY	W	H3	Finish	G	2	Finish	4	4		
2024	OLY	W	H4	Ramp	G	1	Assigned		1		
2024	OLY	W	H4	Ramp	R	2	Assigned		2		
2024	OLY	W	H4	Ramp	B	3	Assigned		3		
2024	OLY	W	H4	Ramp	Y	4	Assigned		4		
2024	OLY	W	H4	Gate 1	R	2	Down-Left	1	2		
2024	OLY	W	H4	Gate 1	G	1	Down-Left	2	1		
2024	OLY	W	H4	Gate 1	B	3	Down-Left	3	3		
2024	OLY	W	H4	Gate 1	Y	4	Down-Left	4	4		
2024	OLY	W	H4	Course	R	2	Roll	1	2		
2024	OLY	W	H4	Course	R	2	Roll	1	2		
2024	OLY	W	H4	Course	G	1	Roll	2	1		
2024	OLY	W	H4	Course	B	3	Roll	3	3		
2024	OLY	W	H4	Course	Y	4	Roll	4	4		
2024	OLY	W	H4	Gate 2	R	2	Right-Up	1	2	Right-Up	
2024	OLY	W	H4	Gate 2	G	1	Left-Up	2	1	SPLIT	
2024	OLY	W	H4	Gate 2	B	3	Left-Up	3	3	FOLLOW	
2024	OLY	W	H4	Gate 2	Y	4	Right-Up	4	4	SPLIT	
2024	OLY	W	H4	Gate 3	G	1	Down-Right	1	1		
2024	OLY	W	H4	Gate 3	R	2	Down-Right	2	2		
2024	OLY	W	H4	Gate 3	B	3	Down-Right	3	3		
2024	OLY	W	H4	Gate 3	Y	4	Down-Right	4	4		
2024	OLY	W	H4	Gate 4	G	1	Down-Left	1	1		
2024	OLY	W	H4	Gate 4	R	2	Down-Left	2	2		
2024	OLY	W	H4	Gate 4	B	3	Down-Left	3	3		
2024	OLY	W	H4	Gate 4	Y	4	Down-Left	4	4		
2024	OLY	W	H4	Gate 5	G	1	Down-Left	1	1		
2024	OLY	W	H4	Gate 5	R	2	Down-Left	2	2		
2024	OLY	W	H4	Gate 5	B	3	Down-Left	3	3		
2024	OLY	W	H4	Gate 5	Y	4	Down-Left	4	4		
2024	OLY	W	H4	Gate 6	G	1	Down-Right	1	1		
2024	OLY	W	H4	Gate 6	R	2	Down-Right	2	2		
2024	OLY	W	H4	Gate 6	B	3	Down-Right	3	3		
2024	OLY	W	H4	Gate 6	Y	4	Down-Right	4	4		
2024	OLY	W	H4	Gate 7	G	1	Down-Through	1	1		
2024	OLY	W	H4	Gate 7	R	2	Down-Through	2	2		
2024	OLY	W	H4	Gate 7	B	3	Down-Through	3	3		
2024	OLY	W	H4	Gate 7	Y	4	Down-Through	4	4		
2024	OLY	W	H4	Gate 8	G	1	Left-Up	1	1	Left-Up	
2024	OLY	W	H4	Gate 8	R	2	Right-Up	2	2	SPLIT	
2024	OLY	W	H4	Gate 8	B	3	Right-Up	3	3	FOLLOW	
2024	OLY	W	H4	Gate 8	Y	4	Right-Up	4	4	FOLLOW	
2024	OLY	W	H4	Finish	G	1	Finish	1	1		
2024	OLY	W	H4	Finish	R	2	Finish	2	2		
2024	OLY	W	H4	Finish	B	3	Finish	3	3		
2024	OLY	W	H4	Finish	Y	4	Finish	4	4		
2024	OLY	W	H5	Ramp	G	1	Assigned		3		
2024	OLY	W	H5	Ramp	R	2	Assigned		1		
2024	OLY	W	H5	Ramp	B	3	Assigned		2		
2024	OLY	W	H5	Ramp	Y	4	Assigned		4		
2024	OLY	W	H5	Gate 1	B	3	Down-Left	1	2		
2024	OLY	W	H5	Gate 1	R	2	Down-Left	2	1		
2024	OLY	W	H5	Gate 1	G	1	Down-Left	3	3		
2024	OLY	W	H5	Gate 1	Y	4	Down-Left	4	4		
2024	OLY	W	H5	Course	B	3	Roll	1	2		
2024	OLY	W	H5	Course	R	2	Roll	2	1		
2024	OLY	W	H5	Course	G	1	Roll	3	3		
2024	OLY	W	H5	Course	Y	4	Roll	4	4		
2024	OLY	W	H5	Gate 2	R	2	Left-Up	1	1	Left-Up	
2024	OLY	W	H5	Gate 2	B	3	Right-Up	2	2	SPLIT	
2024	OLY	W	H5	Gate 2	G	1	Up	3	3	SPLIT	
2024	OLY	W	H5	Gate 2	Y	4	Left-Up	4	4	SPLIT	
2024	OLY	W	H5	Gate 3	B	3	Down-Right	1	2		
2024	OLY	W	H5	Gate 3	R	2	Down-Right	2	1		
2024	OLY	W	H5	Gate 3	G	1	Down-Right	3	3		
2024	OLY	W	H5	Gate 3	Y	4	Down-Right	4	4		
2024	OLY	W	H5	Gate 4	B	3	Down-Left	1	2		
2024	OLY	W	H5	Gate 4	R	2	Down-Left	2	1		
2024	OLY	W	H5	Gate 4	G	1	Down-Left	3	3		
2024	OLY	W	H5	Gate 4	Y	4	Down-Left	4	4		
2024	OLY	W	H5	Gate 5	B	3	Down-Left	1	2		
2024	OLY	W	H5	Gate 5	R	2	Down-Left	2	1		
2024	OLY	W	H5	Gate 5	G	1	Down-Left	3	3		
2024	OLY	W	H5	Gate 5	Y	4	Down-Left	4	4		
2024	OLY	W	H5	Gate 6	B	3	Down-Right	1	2		
2024	OLY	W	H5	Gate 6	R	2	Down-Right	2	1		
2024	OLY	W	H5	Gate 6	G	1	Down-Right	3	3		
2024	OLY	W	H5	Gate 6	Y	4	Down-Right	4	4		
2024	OLY	W	H5	Gate 7	B	3	Down-Through	1	2		
2024	OLY	W	H5	Gate 7	R	2	Down-Through	2	1		
2024	OLY	W	H5	Gate 7	G	1	Down-Through	3	3		
2024	OLY	W	H5	Gate 7	Y	4	Down-Through	4	4		
2024	OLY	W	H5	Gate 8	B	3	Right-Up	1	2	Right-Up	
2024	OLY	W	H5	Gate 8	R	2	Right-Up	2	1	FOLLOW	
2024	OLY	W	H5	Gate 8	G	1	Left-Up	3	3	SPLIT	
2024	OLY	W	H5	Gate 8	Y	4	Left-Up	4	4	FOLLOW	
2024	OLY	W	H5	Finish	R	2	Finish	1	1		
2024	OLY	W	H5	Finish	B	3	Finish	2	2		
2024	OLY	W	H5	Finish	G	1	Finish	3	3		
2024	OLY	W	H5	Finish	Y	4	Finish	4	4		
2024	OLY	W	H6	Ramp	R	1	Assigned		2		
2024	OLY	W	H6	Ramp	G	2	Assigned		1		
2024	OLY	W	H6	Ramp	B	3	Assigned		4		
2024	OLY	W	H6	Ramp	Y	4	Assigned		3		
2024	OLY	W	H6	Gate 1	G	2	Down-Left	1	1		
2024	OLY	W	H6	Gate 1	Y	4	Down-Left	2	3		
2024	OLY	W	H6	Gate 1	B	3	Down-Left	3	4		
2024	OLY	W	H6	Gate 1	R	1	Down-Left	4	2		
2024	OLY	W	H6	Course	G	2	Roll	1	1		
2024	OLY	W	H6	Course	Y	4	Roll	2	3		
2024	OLY	W	H6	Course	B	3	Roll	3	4		
2024	OLY	W	H6	Course	R	1	Roll	4	2		
2024	OLY	W	H6	Gate 2	G	2	Left-Up	1	1	Left-Up	
2024	OLY	W	H6	Gate 2	R	1	Right-Up	2	2	SPLIT	
2024	OLY	W	H6	Gate 2	Y	4	Right-Up	3	3	FOLLOW	
2024	OLY	W	H6	Gate 2	B	3	Left-Up	4	4	SPLIT	
2024	OLY	W	H6	Gate 3	G	2	Down-Right	1	1		
2024	OLY	W	H6	Gate 3	R	1	Down-Right	2	2		
2024	OLY	W	H6	Gate 3	Y	4	Down-Right	3	3		
2024	OLY	W	H6	Gate 3	B	3	Down-Right	4	4		
2024	OLY	W	H6	Gate 4	G	2	Down-Left	1	1		
2024	OLY	W	H6	Gate 4	R	1	Down-Left	2	2		
2024	OLY	W	H6	Gate 4	Y	4	Down-Left	3	3		
2024	OLY	W	H6	Gate 4	B	3	Down-Left	4	4		
2024	OLY	W	H6	Gate 5	G	2	Down-Left	1	1		
2024	OLY	W	H6	Gate 5	R	1	Down-Left	2	2		
2024	OLY	W	H6	Gate 5	Y	4	Down-Left	3	3		
2024	OLY	W	H6	Gate 5	B	3	Down-Left	4	4		
2024	OLY	W	H6	Gate 6	G	2	Down-Right	1	1		
2024	OLY	W	H6	Gate 6	R	1	Down-Right	2	2		
2024	OLY	W	H6	Gate 6	Y	4	Down-Right	3	3		
2024	OLY	W	H6	Gate 6	B	3	Down-Right	4	4		
2024	OLY	W	H6	Gate 7	G	2	Down-Through	1	1		
2024	OLY	W	H6	Gate 7	R	1	Down-Through	2	2		
2024	OLY	W	H6	Gate 7	Y	4	Down-Through	3	3		
2024	OLY	W	H6	Gate 7	B	3	Down-Through	4	4		
2024	OLY	W	H6	Gate 8	G	2	Left-Up	1	1	Left-Up	
2024	OLY	W	H6	Gate 8	R	1	Right-Up	2	2	SPLIT	
2024	OLY	W	H6	Gate 8	Y	4	Right-Up	3	3	FOLLOW	
2024	OLY	W	H6	Gate 8	B	3	Right-Up	4	4	FOLLOW	
2024	OLY	W	H6	Finish	G	2	Finish	1	1		
2024	OLY	W	H6	Finish	R	1	Finish	2	2		
2024	OLY	W	H6	Finish	Y	4	Finish	3	3		
2024	OLY	W	H6	Finish	B	3	Finish	4	4		
2024	OLY	W	H7	Ramp	R	1	Assigned		1		
2024	OLY	W	H7	Ramp	G	2	Assigned		3		
2024	OLY	W	H7	Ramp	Y	3	Assigned		4		
2024	OLY	W	H7	Ramp	B	4	Assigned		2		
2024	OLY	W	H7	Gate 1	R	1	Down-Left	1	1		
2024	OLY	W	H7	Gate 1	B	4	Down-Left	2	2		
2024	OLY	W	H7	Gate 1	G	2	Down-Left	3	3		
2024	OLY	W	H7	Gate 1	Y	3	Down-Left	4	4		
2024	OLY	W	H7	Course	R	1	Roll	1	1		
2024	OLY	W	H7	Course	B	4	Roll	2	2		
2024	OLY	W	H7	Course	G	2	Roll	3	3		
2024	OLY	W	H7	Course	Y	3	Roll	4	4		
2024	OLY	W	H7	Gate 2	R	1	Right-Up	1	1	Right-Up	
2024	OLY	W	H7	Gate 2	B	4	Left-Up	2	2	SPLIT	
2024	OLY	W	H7	Gate 2	Y	3	Right-Up	3	4	SPLIT	
2024	OLY	W	H7	Gate 2	G	2	Right-Up	4	3	FOLLOW	
2024	OLY	W	H7	Gate 3	R	1	Down-Right	1	1		
2024	OLY	W	H7	Gate 3	B	4	Down-Right	2	2		
2024	OLY	W	H7	Gate 3	Y	3	Down-Right	3	4		
2024	OLY	W	H7	Gate 3	G	2	Down-Right	4	3		
2024	OLY	W	H7	Gate 4	R	1	Down-Left	1	1		
2024	OLY	W	H7	Gate 4	B	4	Down-Left	2	2		
2024	OLY	W	H7	Gate 4	Y	3	Down-Left	3	4		
2024	OLY	W	H7	Gate 4	G	2	Down-Left	4	3		
2024	OLY	W	H7	Gate 5	R	1	Down-Left	1	1		
2024	OLY	W	H7	Gate 5	B	4	Down-Left	2	2		
2024	OLY	W	H7	Gate 5	Y	3	Down-Left	3	4		
2024	OLY	W	H7	Gate 5	G	2	Down-Left	4	3		
2024	OLY	W	H7	Gate 6	R	1	Down-Right	1	1		
2024	OLY	W	H7	Gate 6	B	4	Down-Right	2	2		
2024	OLY	W	H7	Gate 6	G	2	Down-Right	3	3		
2024	OLY	W	H7	Gate 6	Y	3	Down-Right	4	4		
2024	OLY	W	H7	Gate 7	R	1	Down-Through	1	1		
2024	OLY	W	H7	Gate 7	B	4	Down-Through	2	2		
2024	OLY	W	H7	Gate 7	G	2	Down-Through	3	3		
2024	OLY	W	H7	Gate 7	Y	3	Down-Through	4	4		
2024	OLY	W	H7	Gate 8	R	1	Left-Up	1	1	Left-Up	
2024	OLY	W	H7	Gate 8	B	4	Right-Up	2	2	SPLIT	
2024	OLY	W	H7	Gate 8	G	2	Left-Up	3	3	SPLIT	
2024	OLY	W	H7	Gate 8	Y	3	Right-Up	4	4	SPLIT	
2024	OLY	W	H7	Finish	R	1	Finish	1	1		
2024	OLY	W	H7	Finish	B	4	Finish	2	2		
2024	OLY	W	H7	Finish	G	2	Finish	3	3		
2024	OLY	W	H7	Finish	Y	3	Finish	4	4		
2024	OLY	W	H8	Ramp	R	1	Assigned		1		
2024	OLY	W	H8	Ramp	G	2	Assigned		3		
2024	OLY	W	H8	Ramp	B	3	Assigned		2		
2024	OLY	W	H8	Ramp	Y	4	Assigned		4		
2024	OLY	W	H8	Gate 1	R	1	Down-Left	1	1		
2024	OLY	W	H8	Gate 1	G	2	Down-Left	2	3		
2024	OLY	W	H8	Gate 1	B	3	Down-Left	3	2		
2024	OLY	W	H8	Gate 1	Y	4	Down-Left	4	4		
2024	OLY	W	H8	Course	R	1	Roll	1	1		
2024	OLY	W	H8	Course	B	3	Roll	2	2		
2024	OLY	W	H8	Course	G	2	Roll	3	3		
2024	OLY	W	H8	Course	Y	4	Roll	4	4		
2024	OLY	W	H8	Gate 2	R	1	Left-Up	1	1	Left-Up	
2024	OLY	W	H8	Gate 2	B	3	Right-Up	2	2	SPLIT	
2024	OLY	W	H8	Gate 2	G	2	Right-Up	3	3	FOLLOW	
2024	OLY	W	H8	Gate 2	Y	4	Right-Up	4	4	FOLLOW	
2024	OLY	W	H8	Gate 3	R	1	Down-Right	1	1		
2024	OLY	W	H8	Gate 3	B	3	Down-Right	2	2		
2024	OLY	W	H8	Gate 3	Y	4	Down-Right	3	4		
2024	OLY	W	H8	Gate 3	G	2	Down-Right	4	3		
2024	OLY	W	H8	Gate 4	R	1	Down-Left	1	1		
2024	OLY	W	H8	Gate 4	B	3	Down-Left	2	2		
2024	OLY	W	H8	Gate 4	Y	4	Down-Left	3	4		
2024	OLY	W	H8	Gate 4	G	2	Down-Left	4	3		
2024	OLY	W	H8	Gate 5	R	1	Down-Left	1	1		
2024	OLY	W	H8	Gate 5	B	3	Down-Left	2	2		
2024	OLY	W	H8	Gate 5	Y	4	Down-Left	3	4		
2024	OLY	W	H8	Gate 5	G	2	Down-Left	4	3		
2024	OLY	W	H8	Gate 6	R	1	Down-Right	1	1		
2024	OLY	W	H8	Gate 6	B	3	Down-Right	2	2		
2024	OLY	W	H8	Gate 6	G	2	Down-Right	3	3		
2024	OLY	W	H8	Gate 6	Y	4	Down-Right	4	4		
2024	OLY	W	H8	Gate 7	R	1	Down-Through	1	1		
2024	OLY	W	H8	Gate 7	B	3	Down-Through	2	2		
2024	OLY	W	H8	Gate 7	G	2	Down-Through	3	3		
2024	OLY	W	H8	Gate 7	Y	4	Down-Through	4	4		
2024	OLY	W	H8	Gate 8	R	1	Left-Up	1	1	Left-Up	
2024	OLY	W	H8	Gate 8	B	3	Right-Up	2	2	SPLIT	
2024	OLY	W	H8	Gate 8	G	2	Right-Up	3	3	FOLLOW	
2024	OLY	W	H8	Gate 8	Y	4	Right-Up	4	4	FOLLOW	
2024	OLY	W	H8	Finish	R	1	Finish	1	1		
2024	OLY	W	H8	Finish	B	3	Finish	2	2		
2024	OLY	W	H8	Finish	G	2	Finish	3	3		
2024	OLY	W	H8	Finish	Y	4	Finish	4	4		
2024	OLY	W	QF1	Ramp	G	1	Assigned		1		
2024	OLY	W	QF1	Ramp	R	2	Assigned		3		
2024	OLY	W	QF1	Ramp	B	3	Assigned		2		
2024	OLY	W	QF1	Ramp	Y	4	Assigned		4		
2024	OLY	W	QF1	Gate 1	G	1	Down-Left	1	1		
2024	OLY	W	QF1	Gate 1	B	3	Down-Left	2	2		
2024	OLY	W	QF1	Gate 1	Y	4	Down-Left	3	4		
2024	OLY	W	QF1	Gate 1	R	2	Down-Left	4	3		
2024	OLY	W	QF1	Course	G	1	Roll	1	1		
2024	OLY	W	QF1	Course	B	3	Roll	2	2		
2024	OLY	W	QF1	Course	Y	4	Roll	3	4		
2024	OLY	W	QF1	Course	R	2	Roll	4	3		
2024	OLY	W	QF1	Gate 2	G	1	Right-Up	1	1	Right-Up	
2024	OLY	W	QF1	Gate 2	B	3	Right-Up	2	2	FOLLOW	
2024	OLY	W	QF1	Gate 2	Y	4	Left-Up	3	4	SPLIT	
2024	OLY	W	QF1	Gate 2	R	2	Left-Up	4	3	FOLLOW	
2024	OLY	W	QF1	Gate 3	G	1	Down-Right	1	1		
2024	OLY	W	QF1	Gate 3	B	3	Down-Right	2	2		
2024	OLY	W	QF1	Gate 3	Y	4	Down-Right	3	4		
2024	OLY	W	QF1	Gate 3	R	2	Down-Right	4	3		
2024	OLY	W	QF1	Gate 4	G	1	Down-Left	1	1		
2024	OLY	W	QF1	Gate 4	B	3	Down-Left	2	2		
2024	OLY	W	QF1	Gate 4	Y	4	Down-Left	3	4		
2024	OLY	W	QF1	Gate 4	R	2	Down-Left	4	3		
2024	OLY	W	QF1	Gate 5	G	1	Down-Left	1	1		
2024	OLY	W	QF1	Gate 5	B	3	Down-Left	2	2		
2024	OLY	W	QF1	Gate 5	Y	4	Down-Left	3	4		
2024	OLY	W	QF1	Gate 5	R	2	Down-Left	4	3		
2024	OLY	W	QF1	Gate 6	G	1	Down-Right	1	1		
2024	OLY	W	QF1	Gate 6	B	3	Down-Right	2	2		
2024	OLY	W	QF1	Gate 6	R	2	Down-Right	3	3		
2024	OLY	W	QF1	Gate 6	Y	4	Down-Right	4	4		
2024	OLY	W	QF1	Gate 7	G	1	Down-Through	1	1		
2024	OLY	W	QF1	Gate 7	B	3	Down-Through	2	2		
2024	OLY	W	QF1	Gate 7	R	2	Down-Through	3	3		
2024	OLY	W	QF1	Gate 7	Y	4	Down-Through	4	4		
2024	OLY	W	QF1	Gate 8	G	1	Left-Up	1	1	Left-Up	
2024	OLY	W	QF1	Gate 8	B	3	Left-Up	2	2	FOLLOW	
2024	OLY	W	QF1	Gate 8	R	2	Left-Up	3	3	FOLLOW	
2024	OLY	W	QF1	Gate 8	Y	4	Right-Up	4	4	SPLIT	
2024	OLY	W	QF1	Finish	G	1	Finish	1	1		
2024	OLY	W	QF1	Finish	B	3	Finish	2	2		
2024	OLY	W	QF1	Finish	R	2	Finish	3	3		
2024	OLY	W	QF1	Finish	Y	4	Finish	4	4		
2024	OLY	W	QF2	Ramp	R	1	Assigned		1		
2024	OLY	W	QF2	Ramp	G	2	Assigned		2		
2024	OLY	W	QF2	Ramp	B	3	Assigned		3		
2024	OLY	W	QF2	Ramp	Y	4	Assigned		4		
2024	OLY	W	QF2	Gate 1	R	1	Down-Left	1	1		
2024	OLY	W	QF2	Gate 1	G	2	Down-Left	2	2		
2024	OLY	W	QF2	Gate 1	B	3	Down-Left	3	3		
2024	OLY	W	QF2	Gate 1	Y	4	Down-Left	4	4		
2024	OLY	W	QF2	Course	R	1	Roll	1	1		
2024	OLY	W	QF2	Course	G	2	Roll	2	2		
2024	OLY	W	QF2	Course	B	3	Roll	3	3		
2024	OLY	W	QF2	Course	Y	4	Roll	4	4		
2024	OLY	W	QF2	Gate 2	R	1	Right-Up	1	1	Right-Up	
2024	OLY	W	QF2	Gate 2	G	2	Left-Up	2	2	SPLIT	
2024	OLY	W	QF2	Gate 2	B	3	Left-Up	3	3	FOLLOW	
2024	OLY	W	QF2	Gate 2	Y	4	Left-Up	4	4	FOLLOW	
2024	OLY	W	QF2	Gate 3	R	1	Down-Right	1	1		
2024	OLY	W	QF2	Gate 3	G	2	Down-Right	2	2		
2024	OLY	W	QF2	Gate 3	B	3	Down-Right	3	3		
2024	OLY	W	QF2	Gate 3	Y	4	Down-Right	4	4		
2024	OLY	W	QF2	Gate 4	R	1	Down-Left	1	1		
2024	OLY	W	QF2	Gate 4	G	2	Down-Left	2	2		
2024	OLY	W	QF2	Gate 4	B	3	Down-Left	3	3		
2024	OLY	W	QF2	Gate 4	Y	4	Down-Left	4	4		
2024	OLY	W	QF2	Gate 5	R	1	Down-Left	1	1		
2024	OLY	W	QF2	Gate 5	G	2	Down-Left	2	2		
2024	OLY	W	QF2	Gate 5	B	3	Down-Left	3	3		
2024	OLY	W	QF2	Gate 5	Y	4	Down-Left	4	4		
2024	OLY	W	QF2	Gate 6	R	1	Down-Right	1	1		
2024	OLY	W	QF2	Gate 6	G	2	Down-Right	2	2		
2024	OLY	W	QF2	Gate 6	B	3	Down-Right	3	3		
2024	OLY	W	QF2	Gate 6	Y	4	Down-Right	4	4		
2024	OLY	W	QF2	Gate 7	R	1	Down-Through	1	1		
2024	OLY	W	QF2	Gate 7	G	2	Down-Through	2	2		
2024	OLY	W	QF2	Gate 7	B	3	Down-Through	3	3		
2024	OLY	W	QF2	Gate 7	Y	4	Down-Through	4	4		
2024	OLY	W	QF2	Gate 8	R	1	Left-Up	1	1	Left-Up	
2024	OLY	W	QF2	Gate 8	G	2	Right-Up	2	2	SPLIT	
2024	OLY	W	QF2	Gate 8	B	3	Right-Up	3	3	FOLLOW	
2024	OLY	W	QF2	Gate 8	Y	4	Left-Up	4	4	SPLIT	
2024	OLY	W	QF2	Finish	R	1	Finish	1	1		
2024	OLY	W	QF2	Finish	G	2	Finish	2	2		
2024	OLY	W	QF2	Finish	B	3	Finish	3	3		
2024	OLY	W	QF2	Finish	Y	4	Finish	4	4		
2024	OLY	W	QF3	Ramp	R	1	Assigned		3		
2024	OLY	W	QF3	Ramp	G	2	Assigned		1		
2024	OLY	W	QF3	Ramp	B	3	Assigned		4		
2024	OLY	W	QF3	Ramp	Y	4	Assigned		2		
2024	OLY	W	QF3	Gate 1	G	2	Down-Left	1	1		
2024	OLY	W	QF3	Gate 1	Y	4	Down-Left	2	2		
2024	OLY	W	QF3	Gate 1	R	1	Down-Left	3	3		
2024	OLY	W	QF3	Gate 1	B	3	Down-Left	4	4		
2024	OLY	W	QF3	Course	G	2	Roll	1	1		
2024	OLY	W	QF3	Course	Y	4	Roll	2	2		
2024	OLY	W	QF3	Course	R	1	Roll	3	3		
2024	OLY	W	QF3	Course	B	3	Roll	4	4		
2024	OLY	W	QF3	Gate 2	G	2	Left-Up	1	1	Left-Up	
2024	OLY	W	QF3	Gate 2	Y	4	Right-Up	2	2	SPLIT	
2024	OLY	W	QF3	Gate 2	R	1	Left-Up	3	3	SPLIT	
2024	OLY	W	QF3	Gate 2	B	3	Right-Up	4	4	SPLIT	
2024	OLY	W	QF3	Gate 3	G	2	Down-Right	1	1		
2024	OLY	W	QF3	Gate 3	Y	4	Down-Right	2	2		
2024	OLY	W	QF3	Gate 3	R	1	Down-Right	3	3		
2024	OLY	W	QF3	Gate 3	B	3	Down-Right	4	4		
2024	OLY	W	QF3	Gate 4	G	2	Down-Left	1	1		
2024	OLY	W	QF3	Gate 4	Y	4	Down-Left	2	2		
2024	OLY	W	QF3	Gate 4	R	1	Down-Left	3	3		
2024	OLY	W	QF3	Gate 4	B	3	Down-Left	4	4		
2024	OLY	W	QF3	Gate 5	G	2	Down-Left	1	1		
2024	OLY	W	QF3	Gate 5	Y	4	Down-Left	2	2		
2024	OLY	W	QF3	Gate 5	R	1	Down-Left	3	3		
2024	OLY	W	QF3	Gate 5	B	3	Down-Left	4	4		
2024	OLY	W	QF3	Gate 6	G	2	Down-Right	1	1		
2024	OLY	W	QF3	Gate 6	Y	4	Down-Right	2	2		
2024	OLY	W	QF3	Gate 6	R	1	Down-Right	3	3		
2024	OLY	W	QF3	Gate 6	B	3	Down-Right	4	4		
2024	OLY	W	QF3	Gate 7	G	2	Down-Through	1	1		
2024	OLY	W	QF3	Gate 7	Y	4	Down-Through	2	2		
2024	OLY	W	QF3	Gate 7	R	1	Down-Through	3	3		
2024	OLY	W	QF3	Gate 7	B	3	Down-Through	4	4		
2024	OLY	W	QF3	Gate 8	G	2	Left-Up	1	1	Left-Up	
2024	OLY	W	QF3	Gate 8	Y	4	Right-Up	2	2	SPLIT	
2024	OLY	W	QF3	Gate 8	R	1	Right-Up	3	3	FOLLOW	
2024	OLY	W	QF3	Gate 8	B	3	Left-Up	4	4	SPLIT	
2024	OLY	W	QF3	Finish	G	2	Finish	1	1		
2024	OLY	W	QF3	Finish	Y	4	Finish	2	2		
2024	OLY	W	QF3	Finish	R	1	Finish	3	3		
2024	OLY	W	QF3	Finish	B	3	Finish	4	4		
2024	OLY	W	QF4	Ramp	R	1	Assigned		2		
2024	OLY	W	QF4	Ramp	G	2	Assigned		1		
2024	OLY	W	QF4	Ramp	B	3	Assigned		4		
2024	OLY	W	QF4	Ramp	Y	4	Assigned		3		
2024	OLY	W	QF4	Gate 1	G	2	Down-Left	1	1		
2024	OLY	W	QF4	Gate 1	B	3	Down-Left	2	4		
2024	OLY	W	QF4	Gate 1	R	1	Down-Left	3	2		
2024	OLY	W	QF4	Gate 1	Y	4	Down-Left	4	3		
2024	OLY	W	QF4	Course	G	2	Roll	1	1		
2024	OLY	W	QF4	Course	B	3	Roll	2	4		
2024	OLY	W	QF4	Course	R	1	Roll	3	2		
2024	OLY	W	QF4	Course	Y	4	Roll	4	3		
2024	OLY	W	QF4	Gate 2	G	2	Right-Up	1	1	Right-Up	
2024	OLY	W	QF4	Gate 2	B	3	Left-Up	2	4	SPLIT	
2024	OLY	W	QF4	Gate 2	R	1	Right-Up	3	2	SPLIT	
2024	OLY	W	QF4	Gate 2	Y	4	Left-Up	4	3	SPLIT	
2024	OLY	W	QF4	Gate 3	G	2	Down-Right	1	1		
2024	OLY	W	QF4	Gate 3	R	1	Down-Right	2	2		
2024	OLY	W	QF4	Gate 3	B	3	Down-Right	3	4		
2024	OLY	W	QF4	Gate 3	Y	4	Down-Right	4	3		
2024	OLY	W	QF4	Gate 4	G	2	Down-Left	1	1		
2024	OLY	W	QF4	Gate 4	R	1	Down-Left	2	2		
2024	OLY	W	QF4	Gate 4	B	3	Down-Left	3	4		
2024	OLY	W	QF4	Gate 4	Y	4	Down-Left	4	3		
2024	OLY	W	QF4	Gate 5	G	2	Down-Left	1	1		
2024	OLY	W	QF4	Gate 5	R	1	Down-Left	2	2		
2024	OLY	W	QF4	Gate 5	B	3	Down-Left	3	4		
2024	OLY	W	QF4	Gate 5	Y	4	Down-Left	4	3		
2024	OLY	W	QF4	Gate 6	G	2	Down-Right	1	1		
2024	OLY	W	QF4	Gate 6	R	1	Down-Right	2	2		
2024	OLY	W	QF4	Gate 6	B	3	Down-Right	3	4		
2024	OLY	W	QF4	Gate 6	Y	4	Down-Right	4	3		
2024	OLY	W	QF4	Gate 7	G	2	Down-Through	1	1		
2024	OLY	W	QF4	Gate 7	R	1	Down-Through	2	2		
2024	OLY	W	QF4	Gate 7	B	3	Down-Through	3	4		
2024	OLY	W	QF4	Gate 7	Y	4	Down-Through	4	3		
2024	OLY	W	QF4	Gate 8	G	2	Left-Up	1	1	Left-Up	
2024	OLY	W	QF4	Gate 8	R	1	Right-Up	2	2	SPLIT	
2024	OLY	W	QF4	Gate 8	B	3	Right-Up	3	4	FOLLOW	
2024	OLY	W	QF4	Gate 8	Y	4	Right-Up	4	3	FOLLOW	
2024	OLY	W	QF4	Finish	G	2	Finish	1	1		
2024	OLY	W	QF4	Finish	R	1	Finish	2	2		
2024	OLY	W	QF4	Finish	Y	4	Finish	3	3		
2024	OLY	W	QF4	Finish	B	3	Finish	4	4		
2024	OLY	W	SF1	Ramp	R	1	Assigned		1		
2024	OLY	W	SF1	Ramp	G	2	Assigned		4		
2024	OLY	W	SF1	Ramp	B	3	Assigned		2		
2024	OLY	W	SF1	Ramp	Y	4	Assigned		3		
2024	OLY	W	SF1	Gate 1	G	2	Down-Left	1	4		
2024	OLY	W	SF1	Gate 1	B	3	Down-Left	2	2		
2024	OLY	W	SF1	Gate 1	R	1	Down-Left	3	1		
2024	OLY	W	SF1	Gate 1	Y	4	Down-Left	4	3		
2024	OLY	W	SF1	Course	G	2	Roll	1	4		
2024	OLY	W	SF1	Course	B	3	Roll	2	2		
2024	OLY	W	SF1	Course	R	1	Roll	3	1		
2024	OLY	W	SF1	Course	Y	4	Roll	4	3		
2024	OLY	W	SF1	Gate 2	G	2	Right-Up	1	4	Right-Up	
2024	OLY	W	SF1	Gate 2	B	3	Right-Up	2	2	FOLLOW	
2024	OLY	W	SF1	Gate 2	R	1	Left-Up	3	1	SPLIT	
2024	OLY	W	SF1	Gate 2	Y	4	Right-Up	4	3	SPLIT	
2024	OLY	W	SF1	Gate 3	R	1	Down-Right	1	1		
2024	OLY	W	SF1	Gate 3	Y	4	Down-Right	2	3		
2024	OLY	W	SF1	Gate 3	G	2	Down-Right	3	4		
2024	OLY	W	SF1	Gate 3	B	3	Down-Right	4	2		
2024	OLY	W	SF1	Gate 4	R	1	Down-Left	1	1		
2024	OLY	W	SF1	Gate 4	Y	4	Down-Left	2	3		
2024	OLY	W	SF1	Gate 4	B	3	Down-Left	3	2		
2024	OLY	W	SF1	Gate 4	G	2	Down-Left	4	4		
2024	OLY	W	SF1	Gate 5	R	1	Down-Left	1	1		
2024	OLY	W	SF1	Gate 5	Y	4	Down-Left	2	3		
2024	OLY	W	SF1	Gate 5	B	3	Down-Left	3	2		
2024	OLY	W	SF1	Gate 5	G	2	Down-Left	4	4		
2024	OLY	W	SF1	Gate 6	R	1	Down-Right	1	1		
2024	OLY	W	SF1	Gate 6	B	3	Down-Right	2	2		
2024	OLY	W	SF1	Gate 6	Y	4	Down-Right	3	3		
2024	OLY	W	SF1	Gate 6	G	2	Down-Right	4	4		
2024	OLY	W	SF1	Gate 7	R	1	Down-Through	1	1		
2024	OLY	W	SF1	Gate 7	B	3	Down-Through	2	2		
2024	OLY	W	SF1	Gate 7	Y	4	Down-Through	3	3		
2024	OLY	W	SF1	Gate 7	G	2	Down-Through	4	4		
2024	OLY	W	SF1	Gate 8	R	1	Left-Up	1	1	Left-Up	
2024	OLY	W	SF1	Gate 8	B	3	Right-Up	2	2	SPLIT	
2024	OLY	W	SF1	Gate 8	Y	4	Left-Up	3	3	SPLIT	
2024	OLY	W	SF1	Gate 8	G	2	Left-Up	4	4	FOLLOW	
2024	OLY	W	SF1	Finish	R	1	Finish	1	1		
2024	OLY	W	SF1	Finish	B	3	Finish	2	2		
2024	OLY	W	SF1	Finish	Y	4	Finish	3	3		
2024	OLY	W	SF1	Finish	G	2	Finish	4	4		
2024	OLY	W	SF2	Ramp	G	1	Assigned		1		
2024	OLY	W	SF2	Ramp	R	2	Assigned		2		
2024	OLY	W	SF2	Ramp	B	3	Assigned		4		
2024	OLY	W	SF2	Ramp	Y	4	Assigned		3		
2024	OLY	W	SF2	Gate 1	B	3	Down-Left	1	4		
2024	OLY	W	SF2	Gate 1	G	1	Down-Left	2	1		
2024	OLY	W	SF2	Gate 1	R	2	Down-Left	3	2		
2024	OLY	W	SF2	Gate 1	Y	4	Down-Left	4	3		
2024	OLY	W	SF2	Course	B	3	Roll	1	4		
2024	OLY	W	SF2	Course	G	1	Roll	2	1		
2024	OLY	W	SF2	Course	R	2	Roll	3	2		
2024	OLY	W	SF2	Course	Y	4	Roll	4	3		
2024	OLY	W	SF2	Gate 2	G	1	Left-Up	1	1	Left-Up	
2024	OLY	W	SF2	Gate 2	B	3	Right-Up	2	4	SPLIT	
2024	OLY	W	SF2	Gate 2	R	2	Right-Up	3	2	FOLLOW	
2024	OLY	W	SF2	Gate 2	Y	4	Left-Up	4	3	SPLIT	
2024	OLY	W	SF2	Gate 3	G	1	Down-Right	1	1		
2024	OLY	W	SF2	Gate 3	Y	4	Down-Right	2	3		
2024	OLY	W	SF2	Gate 3	R	2	Down-Right	3	2		
2024	OLY	W	SF2	Gate 3	B	3	Down-Right	4	4		
2024	OLY	W	SF2	Gate 4	G	1	Down-Left	1	1		
2024	OLY	W	SF2	Gate 4	Y	4	Down-Left	2	3		
2024	OLY	W	SF2	Gate 4	R	2	Down-Left	3	2		
2024	OLY	W	SF2	Gate 4	B	3	Down-Left	4	4		
2024	OLY	W	SF2	Gate 5	G	1	Down-Left	1	1		
2024	OLY	W	SF2	Gate 5	Y	4	Down-Left	2	3		
2024	OLY	W	SF2	Gate 5	R	2	Down-Left	3	2		
2024	OLY	W	SF2	Gate 5	B	3	Down-Left	4	4		
2024	OLY	W	SF2	Gate 6	G	1	Down-Right	1	1		
2024	OLY	W	SF2	Gate 6	Y	4	Down-Right	2	3		
2024	OLY	W	SF2	Gate 6	R	2	Down-Right	3	2		
2024	OLY	W	SF2	Gate 7	G	1	Down-Right-Through	1	1		
2024	OLY	W	SF2	Gate 7	Y	4	Down-Right-Through	2	3		
2024	OLY	W	SF2	Gate 7	B	3	Down-Right-Through	3	4		
2024	OLY	W	SF2	Gate 7	R	2	Down-Right-Through	4	2		
2024	OLY	W	SF2	Gate 8	G	1	Left-Up	1	1	Left-Up	
2024	OLY	W	SF2	Gate 8	Y	4	Right-Up	2	3	SPLIT	
2024	OLY	W	SF2	Gate 8	R	2	Right-Up	3	2	FOLLOW	
2024	OLY	W	SF2	Gate 8	B	3	Left-Up	4	4	SPLIT	
2024	OLY	W	SF2	Finish	G	1	Finish	1	1		
2024	OLY	W	SF2	Finish	R	2	Finish	2	2		
2024	OLY	W	SF2	Finish	Y	4	Finish	3	3		
2024	OLY	W	SF2	Finish	B	3	Finish	4	4		
2024	OLY	W	B Final	Ramp	G	1	Assigned		4		
2024	OLY	W	B Final	Ramp	R	2	Assigned		3		
2024	OLY	W	B Final	Ramp	B	3	Assigned		1		
2024	OLY	W	B Final	Ramp	Y	4	Assigned		2		
2024	OLY	W	B Final	Gate 1	R	2	Down-Left	1	3		
2024	OLY	W	B Final	Gate 1	G	1	Down-Left	2	4		
2024	OLY	W	B Final	Gate 1	B	3	Down-Left	3	1		
2024	OLY	W	B Final	Gate 1	Y	4	Down-Left	4	2		
2024	OLY	W	B Final	Course	G	1	Roll	1	4		
2024	OLY	W	B Final	Course	B	3	Roll	2	1		
2024	OLY	W	B Final	Course	R	2	Roll	3	3		
2024	OLY	W	B Final	Course	Y	4	Roll	4	2		
2024	OLY	W	B Final	Gate 2	B	3	Right-Up	1	1	Right-Up	
2024	OLY	W	B Final	Gate 2	G	1	Left-Up	2	4	SPLIT	
2024	OLY	W	B Final	Gate 2	Y	4	Right-Up	3	2	SPLIT	
2024	OLY	W	B Final	Gate 2	R	2	Left-Up	4	3	SPLIT	
2024	OLY	W	B Final	Gate 3	B	3	Down-Right	1	1		
2024	OLY	W	B Final	Gate 3	Y	4	Down-Right	2	2		
2024	OLY	W	B Final	Gate 3	G	1	Down-Right	3	4		
2024	OLY	W	B Final	Gate 3	R	2	Down-Right	4	3		
2024	OLY	W	B Final	Gate 4	B	3	Down-Left	1	1		
2024	OLY	W	B Final	Gate 4	Y	4	Down-Left	2	2		
2024	OLY	W	B Final	Gate 4	G	1	Down-Left	3	4		
2024	OLY	W	B Final	Gate 4	R	2	Down-Left	4	3		
2024	OLY	W	B Final	Gate 5	B	3	Down-Left	1	1		
2024	OLY	W	B Final	Gate 5	Y	4	Down-Left	2	2		
2024	OLY	W	B Final	Gate 5	G	1	Down-Left	3	4		
2024	OLY	W	B Final	Gate 5	R	2	Down-Left	4	3		
2024	OLY	W	B Final	Gate 6	B	3	Down-Right	1	1		
2024	OLY	W	B Final	Gate 6	Y	4	Down-Right	2	2		
2024	OLY	W	B Final	Gate 6	G	1	Down-Right	3	4		
2024	OLY	W	B Final	Gate 6	R	2	Down-Right	4	3		
2024	OLY	W	B Final	Gate 7	B	3	Down-Through	1	1		
2024	OLY	W	B Final	Gate 7	Y	4	Down-Through	2	2		
2024	OLY	W	B Final	Gate 7	G	1	Down-Through	3	4		
2024	OLY	W	B Final	Gate 7	R	2	Down-Through	4	3		
2024	OLY	W	B Final	Gate 8	B	3	Left-Up	1	1	Left-Up	
2024	OLY	W	B Final	Gate 8	Y	4	Right-Up	2	2	SPLIT	
2024	OLY	W	B Final	Gate 8	G	1	Right-Up	3	4	FOLLOW	
2024	OLY	W	B Final	Gate 8	R	2	Right-Up	4	3	FOLLOW	
2024	OLY	W	B Final	Finish	B	3	Finish	1	1		
2024	OLY	W	B Final	Finish	Y	4	Finish	2	2		
2024	OLY	W	B Final	Finish	R	2	Finish	3	3		
2024	OLY	W	B Final	Finish	G	1	Finish	4	4		
2024	OLY	W	Final	Ramp	R	1	Assigned		1		
2024	OLY	W	Final	Ramp	G	2	Assigned		4		
2024	OLY	W	Final	Ramp	B	3	Assigned		2		
2024	OLY	W	Final	Ramp	Y	4	Assigned		3		
2024	OLY	W	Final	Gate 1	G	2	Down-Left	1	4		
2024	OLY	W	Final	Gate 1	R	1	Down-Left	2	1		
2024	OLY	W	Final	Gate 1	B	3	Down-Left	3	2		
2024	OLY	W	Final	Gate 1	Y	4	Down-Left	4	3		
2024	OLY	W	Final	Course	G	2	Roll	1	4		
2024	OLY	W	Final	Course	R	1	Roll	2	1		
2024	OLY	W	Final	Course	B	3	Roll	3	2		
2024	OLY	W	Final	Course	Y	4	Roll	4	3		
2024	OLY	W	Final	Gate 2	G	2	Left-Up	1	4	Left-Up	
2024	OLY	W	Final	Gate 2	R	1	Right-Up	2	1	SPLIT	
2024	OLY	W	Final	Gate 2	B	3	Left-Up	3	2	SPLIT	
2024	OLY	W	Final	Gate 2	Y	4	Right-Up	4	3	SPLIT	
2024	OLY	W	Final	Gate 3	R	1	Down-Right	1	1		
2024	OLY	W	Final	Gate 3	G	2	Down-Right	2	4		
2024	OLY	W	Final	Gate 3	Y	4	Down-Right	3	3		
2024	OLY	W	Final	Gate 3	B	3	Down-Right	4	2		
2024	OLY	W	Final	Gate 4	R	1	Down-Left	1	1		
2024	OLY	W	Final	Gate 4	G	2	Down-Left	2	4		
2024	OLY	W	Final	Gate 4	Y	4	Down-Left	3	3		
2024	OLY	W	Final	Gate 4	B	3	Down-Left	4	2		
2024	OLY	W	Final	Gate 5	R	1	Down-Left	1	1		
2024	OLY	W	Final	Gate 5	G	2	Down-Left	2	4		
2024	OLY	W	Final	Gate 5	Y	4	Down-Left	3	3		
2024	OLY	W	Final	Gate 5	B	3	Down-Left	4	2		
2024	OLY	W	Final	Gate 6	R	1	Down-Right	1	1		
2024	OLY	W	Final	Gate 6	G	2	Down-Right	2	4		
2024	OLY	W	Final	Gate 6	Y	4	Down-Right	3	3		
2024	OLY	W	Final	Gate 6	B	3	Down-Right	4	2		
2024	OLY	W	Final	Gate 7	R	1	Down-Through	1	1		
2024	OLY	W	Final	Gate 7	G	2	Down-Through	2	4		
2024	OLY	W	Final	Gate 7	Y	4	Down-Through	3	3		
2024	OLY	W	Final	Gate 7	B	3	Down-Through	4	2		
2024	OLY	W	Final	Gate 8	R	1	Left-Up	1	1	Left-Up	
2024	OLY	W	Final	Gate 8	G	2	Left-Up	2	4	FOLLOW	
2024	OLY	W	Final	Gate 8	Y	4	Right-Up	3	3	SPLIT	
2024	OLY	W	Final	Gate 8	B	3	Right-Up	4	2	FOLLOW	
2024	OLY	W	Final	Finish	R	1	Finish	1	1		
2024	OLY	W	Final	Finish	B	3	Finish	2	2		
2024	OLY	W	Final	Finish	Y	4	Finish	3	3		
2024	OLY	W	Final	Finish	G	2	Finish	4	4		
